,Home,Away,Game_Id,Date,Link
0,CBJ,EDM,20936,2023-02-25,"<a href=""/game/20936"">View Game</a>"
1,WSH,NYR,20937,2023-02-25,"<a href=""/game/20937"">View Game</a>"
2,STL,PIT,20943,2023-02-25,"<a href=""/game/20943"">View Game</a>"
3,VAN,BOS,20939,2023-02-25,"<a href=""/game/20939"">View Game</a>"
4,CAR,ANA,20938,2023-02-25,"<a href=""/game/20938"">View Game</a>"
5,MTL,OTT,20940,2023-02-25,"<a href=""/game/20940"">View Game</a>"
6,N.J,PHI,20941,2023-02-25,"<a href=""/game/20941"">View Game</a>"
7,DET,T.B,20942,2023-02-25,"<a href=""/game/20942"">View Game</a>"
8,VGK,DAL,20945,2023-02-25,"<a href=""/game/20945"">View Game</a>"
9,S.J,CHI,20946,2023-02-25,"<a href=""/game/20946"">View Game</a>"
10,COL,CGY,20944,2023-02-25,"<a href=""/game/20944"">View Game</a>"
11,NYI,ANA,12345,2023-05-05,"<a href=""/game/12345"">View Game</a>"
