,Date,Game_Id,Team,EV_xGF,EV_xGA,EV_GF,EV_GA,EV_TOI,5v5_xGF,5v5_xGA,5v5_GF,5v5_GA,5v5_TOI,ALL_xGF,ALL_xGA,ALL_GF,ALL_GA,ALL_TOI
0,2023-10-10,20002,PIT,2.4816965162254863,2.9692207614213646,2,3,46.75,2.4816965162254863,2.9692207614213646,2,3,46.75,3.7859847553171,4.434511918489405,2,3,60.0
1,2023-10-10,20002,CHI,2.9692207614213646,2.4816965162254863,3,2,46.75,2.9692207614213646,2.4816965162254863,3,2,46.75,4.434511918489405,3.7859847553171,3,2,60.0
2,2023-10-10,20001,T.B,1.4070382112319078,3.00822967337952,1,2,47.86666666666667,1.4070382112319078,3.00822967337952,1,2,45.93333333333333,3.0521377765358544,5.186242220940846,3,3,60.0
3,2023-10-10,20001,NSH,3.00822967337952,1.4070382112319078,2,1,47.86666666666667,3.00822967337952,1.4070382112319078,2,1,45.93333333333333,5.186242220940846,3.0521377765358544,3,3,60.0
4,2023-10-10,20003,VGK,2.3643901224958404,2.737926953200638,3,1,43.8,2.3643901224958404,2.737926953200638,3,1,43.8,3.227357025872696,4.238370535095025,3,1,60.0
5,2023-10-10,20003,SEA,2.737926953200638,2.3643901224958404,1,3,43.8,2.737926953200638,2.3643901224958404,1,3,43.8,4.238370535095025,3.227357025872696,1,3,60.0
6,2023-10-11,20005,TOR,2.5952155316662413,2.0079016987370184,1,4,47.23333333333333,2.1970599693973845,1.9724499935951088,1,4,47.23333333333333,4.168379377697246,2.309998139230061,5,5,80.0
7,2023-10-11,20005,MTL,2.0079016987370184,2.5952155316662413,4,1,47.23333333333333,1.9724499935951088,2.1970599693973845,4,1,47.23333333333333,2.309998139230061,4.168379377697246,5,5,80.0
8,2023-10-11,20004,CAR,2.372986272998406,1.6158860822630856,3,2,49.06666666666667,2.372986272998406,1.6158860822630856,3,2,47.41666666666666,3.893358236630676,3.301158452025794,5,3,60.0
9,2023-10-11,20004,OTT,1.6158860822630856,2.372986272998406,2,3,49.06666666666667,1.6158860822630856,2.372986272998406,2,3,47.41666666666666,3.301158452025794,3.893358236630676,3,5,60.0
10,2023-10-11,20007,CGY,0.7480257893781113,2.539949959431997,2,3,46.46666666666667,0.7480257893781113,2.539949959431997,2,3,45.23333333333333,1.9185252720739,5.1830779022921405,4,3,60.0
11,2023-10-11,20007,WPG,2.539949959431997,0.7480257893781113,3,2,46.46666666666667,2.539949959431997,0.7480257893781113,3,2,45.23333333333333,5.1830779022921405,1.9185252720739,3,4,60.0
12,2023-10-11,20008,L.A,1.8074118336329568,2.3095279221562075,2,3,47.53333333333333,1.8074118336329568,2.3095279221562075,2,3,47.53333333333333,3.611014026154672,3.6597652132812377,2,4,60.0
13,2023-10-11,20008,COL,2.3095279221562075,1.8074118336329568,3,2,47.53333333333333,2.3095279221562075,1.8074118336329568,3,2,47.53333333333333,3.6597652132812377,3.611014026154672,4,2,60.0
14,2023-10-11,20009,VAN,2.79883738393966,1.830725048964892,5,0,48.9,2.79883738393966,1.830725048964892,5,0,47.98333333333333,4.221219226644239,2.5499199870921805,8,1,60.0
15,2023-10-11,20009,EDM,1.830725048964892,2.79883738393966,0,5,48.9,1.830725048964892,2.79883738393966,0,5,47.98333333333333,2.5499199870921805,4.221219226644239,1,8,60.0
16,2023-10-11,20006,BOS,2.76758118956496,1.7612393767161971,2,1,52.0,2.76758118956496,1.7612393767161971,2,1,52.0,3.775911731053072,1.8856278539634272,2,1,60.0
17,2023-10-11,20006,CHI,1.7612393767161971,2.76758118956496,1,2,52.0,1.7612393767161971,2.76758118956496,1,2,52.0,1.8856278539634272,3.775911731053072,1,2,60.0
18,2023-10-12,20012,N.J,2.5541496190326085,1.854138047956696,2,1,48.9,2.511526644966877,1.7119100329960246,2,1,46.9,3.53334759226619,2.864378791092139,3,3,60.0
19,2023-10-12,20012,DET,1.854138047956696,2.5541496190326085,1,2,48.9,1.7119100329960246,2.511526644966877,1,2,46.9,2.864378791092139,3.53334759226619,3,3,60.0
20,2023-10-12,20013,DAL,2.503208104748252,1.942391483023524,1,1,44.96666666666667,1.9915543501486648,1.5245578496775187,1,1,44.88333333333333,2.8260412426000348,2.167255051065108,1,1,80.0
21,2023-10-12,20013,STL,1.942391483023524,2.503208104748252,1,1,44.96666666666667,1.5245578496775187,1.9915543501486648,1,1,44.88333333333333,2.167255051065108,2.8260412426000348,1,1,80.0
22,2023-10-12,20014,MIN,0.5384500048058839,1.6213912169119968,1,0,45.11666666666667,0.4874617519912708,1.5854474995407872,1,0,43.11666666666667,1.6692837619350085,3.2485692623949194,2,0,60.0
23,2023-10-12,20014,FLA,1.6213912169119968,0.5384500048058839,0,1,45.11666666666667,1.5854474995407872,0.4874617519912708,0,1,43.11666666666667,3.2485692623949194,1.6692837619350085,0,2,60.0
24,2023-10-12,20015,NSH,1.8380446582238217,1.8125614231897704,0,0,45.96666666666667,1.8182281018266373,1.3931728402093015,0,0,45.96666666666667,4.094976996204136,2.947874499299454,2,0,60.0
25,2023-10-12,20015,SEA,1.8125614231897704,1.8380446582238217,0,0,45.96666666666667,1.3931728402093015,1.8182281018266373,0,0,45.96666666666667,2.947874499299454,4.094976996204136,0,2,60.0
26,2023-10-12,20011,CBJ,1.6350790658844143,2.16875583443795,1,2,44.766666666666666,1.5692723732295382,2.132151861747128,1,2,44.46666666666667,2.963205327361761,2.934649940136471,2,2,60.0
27,2023-10-12,20011,PHI,2.16875583443795,1.6350790658844143,2,1,44.766666666666666,2.132151861747128,1.5692723732295382,2,1,44.46666666666667,2.934649940136471,2.963205327361761,2,2,60.0
28,2023-10-12,20010,BUF,1.2942305974271944,1.9505368001155503,1,2,45.93333333333333,1.2344186492772322,1.9357285144055805,1,2,43.53333333333333,2.186032575100044,3.194950777659635,1,4,60.0
29,2023-10-12,20010,NYR,1.9505368001155503,1.2942305974271944,2,1,45.93333333333333,1.9357285144055805,1.2344186492772322,2,1,43.53333333333333,3.194950777659635,2.186032575100044,4,1,60.0
30,2023-10-12,20016,S.J,1.987706136756065,1.992616365878921,1,4,44.48333333333333,1.987706136756065,1.992616365878921,1,4,44.2,2.7289829285660483,2.4649263552097103,1,4,60.0
31,2023-10-12,20016,VGK,1.992616365878921,1.987706136756065,4,1,44.48333333333333,1.992616365878921,1.987706136756065,4,1,44.2,2.4649263552097103,2.7289829285660483,4,1,60.0
32,2023-10-13,20018,WSH,1.240073207173942,2.80663195843353,0,2,44.61666666666667,1.148767104749942,2.790251615550834,0,2,42.61666666666667,1.8816139457392227,3.7295386515387374,0,4,60.0
33,2023-10-13,20018,PIT,2.80663195843353,1.240073207173942,2,0,44.61666666666667,2.790251615550834,1.148767104749942,2,0,42.61666666666667,3.7295386515387374,1.8816139457392227,4,0,60.0
34,2023-10-13,20017,N.J,2.314560713504742,2.89806037713996,1,1,45.35,1.792798291956688,2.8740666291724923,0,1,43.18333333333333,3.284048675634548,4.120457408236304,3,3,80.0
35,2023-10-13,20017,ARI,2.89806037713996,2.314560713504742,1,1,45.35,2.8740666291724923,1.792798291956688,1,0,43.18333333333333,4.120457408236304,3.284048675634548,3,3,80.0
36,2023-10-14,20030,S.J,1.951221627018031,3.430242234731513,1,0,54.3,1.931709982609325,3.1976683658418024,1,0,54.3,2.8918745257184018,5.308272919794407,1,1,80.0
37,2023-10-14,20030,COL,3.430242234731513,1.951221627018031,0,1,54.3,3.1976683658418024,1.931709982609325,0,1,54.3,5.308272919794407,2.8918745257184018,1,1,80.0
38,2023-10-14,20029,EDM,2.726166128829868,1.476444080857626,1,3,50.766666666666666,2.726166128829868,1.412909914867235,1,3,50.766666666666666,4.71197685560018,2.1208736554519083,3,4,60.0
39,2023-10-14,20029,VAN,1.476444080857626,2.726166128829868,3,1,50.766666666666666,1.412909914867235,2.726166128829868,3,1,50.766666666666666,2.1208736554519083,4.71197685560018,4,3,60.0
40,2023-10-14,20026,TOR,3.1974540306183217,3.4697865914729977,5,4,42.583333333333336,3.0467670071250703,3.4697865914729977,5,4,40.2,3.857228098425424,3.7216807124015,7,4,60.0
41,2023-10-14,20026,MIN,3.4697865914729977,3.1974540306183217,4,5,42.583333333333336,3.4697865914729977,3.0467670071250703,4,5,40.2,3.7216807124015,3.857228098425424,4,7,60.0
42,2023-10-14,20021,BOS,1.8282731536375576,1.8378595417008168,0,1,50.4,1.8282731536375576,1.7628647346673052,0,1,50.4,2.94310157455115,3.885764784246227,2,2,60.0
43,2023-10-14,20021,NSH,1.8378595417008168,1.8282731536375576,1,0,50.4,1.7628647346673052,1.8282731536375576,1,0,50.4,3.885764784246227,2.94310157455115,2,2,60.0
44,2023-10-14,20027,NYI,1.7521575970147731,2.040082640645703,3,2,49.266666666666666,1.7287627501169118,2.040082640645703,3,2,49.266666666666666,2.1127022584370683,2.0904317861369286,3,2,60.0
45,2023-10-14,20027,BUF,2.040082640645703,1.7521575970147731,2,3,49.266666666666666,2.040082640645703,1.7287627501169118,2,3,49.266666666666666,2.0904317861369286,2.1127022584370683,2,3,60.0
46,2023-10-14,20032,L.A,1.8331618753048544,1.1928760796141895,2,3,46.88333333333333,1.6385822533345982,0.7748667695017344,2,3,44.05,3.8156224422736673,2.1743296979180515,5,5,80.0
47,2023-10-14,20032,CAR,1.1928760796141895,1.8331618753048544,3,2,46.88333333333333,0.7748667695017344,1.6385822533345982,3,2,44.05,2.1743296979180515,3.8156224422736673,5,5,80.0
48,2023-10-14,20020,WPG,2.422585065689616,1.8218652720572963,3,1,45.46666666666667,2.0894227210234178,1.8218652720572963,3,1,43.91666666666666,3.056470106768167,4.022182530232963,5,4,60.0
49,2023-10-14,20020,FLA,1.8218652720572963,2.422585065689616,1,3,45.46666666666667,1.8218652720572963,2.0894227210234178,1,3,43.91666666666666,4.022182530232963,3.056470106768167,4,5,60.0
50,2023-10-14,20028,STL,1.6664843524683064,1.9361460480690675,1,0,48.96666666666667,1.5316423628556222,1.554557871530871,1,0,44.96666666666667,2.2860820633003063,2.5937718772337464,1,1,80.0
51,2023-10-14,20028,SEA,1.9361460480690675,1.6664843524683064,0,1,48.96666666666667,1.554557871530871,1.5316423628556222,0,1,44.96666666666667,2.5937718772337464,2.2860820633003063,1,1,80.0
52,2023-10-14,20031,VGK,1.989230533338385,2.2055966255841497,1,1,47.56666666666667,1.989230533338385,2.188414975364343,1,1,47.56666666666667,3.1912934340259755,2.6572520051364905,3,1,60.0
53,2023-10-14,20031,ANA,2.2055966255841497,1.989230533338385,1,1,47.56666666666667,2.188414975364343,1.989230533338385,1,1,47.56666666666667,2.6572520051364905,3.1912934340259755,1,3,60.0
54,2023-10-14,20025,PIT,1.8806346082808247,1.9689751980546824,4,1,45.3,1.8806346082808247,1.8835367669211576,4,1,45.06666666666667,3.395184949714107,2.542348043588494,4,2,60.0
55,2023-10-14,20025,CGY,1.9689751980546824,1.8806346082808247,1,4,45.3,1.8835367669211576,1.8806346082808247,1,4,45.06666666666667,2.542348043588494,3.395184949714107,2,4,60.0
56,2023-10-14,20022,CBJ,2.1576148087058216,3.639318944720072,4,2,48.0,2.1576148087058216,3.639318944720072,4,2,48.0,2.9026583757937816,4.506917581652268,5,3,60.0
57,2023-10-14,20022,NYR,3.639318944720072,2.1576148087058216,2,4,48.0,3.639318944720072,2.1576148087058216,2,4,48.0,4.506917581652268,2.9026583757937816,3,5,60.0
58,2023-10-14,20024,MTL,1.9068132859653544,1.7385196237270992,2,1,46.13333333333333,1.7845221682692345,1.4579217611691118,2,0,45.06666666666667,2.9686147280304374,4.724440874329262,3,2,60.0
59,2023-10-14,20024,CHI,1.7385196237270992,1.9068132859653544,1,2,46.13333333333333,1.4579217611691118,1.7845221682692345,0,2,45.06666666666667,4.724440874329262,2.9686147280304374,2,3,60.0
60,2023-10-14,20019,OTT,1.8290754191573264,1.4831009439176317,2,1,50.0,1.8290754191573264,1.4831009439176317,2,1,50.0,3.421098943653917,2.845869222566531,5,2,60.0
61,2023-10-14,20019,PHI,1.4831009439176317,1.8290754191573264,1,2,50.0,1.4831009439176317,1.8290754191573264,1,2,50.0,2.845869222566531,3.421098943653917,2,5,60.0
62,2023-10-14,20023,DET,3.990758917449411,1.7821374098601186,5,3,53.583333333333336,3.990758917449411,1.7821374098601186,5,3,52.31666666666667,4.286838423202678,2.6074390625225328,5,4,60.0
63,2023-10-14,20023,T.B,1.7821374098601186,3.990758917449411,3,5,53.583333333333336,1.7821374098601186,3.990758917449411,3,5,52.31666666666667,2.6074390625225328,4.286838423202678,4,5,60.0
64,2023-10-15,20033,OTT,1.8325240536066445,1.540004144657236,4,2,53.06666666666667,1.634543561010768,1.4161233724451483,4,2,53.06666666666667,2.7415940417740026,1.875697585729419,4,2,60.0
65,2023-10-15,20033,T.B,1.540004144657236,1.8325240536066445,2,4,53.06666666666667,1.4161233724451483,1.634543561010768,2,4,53.06666666666667,1.875697585729419,2.7415940417740026,2,4,60.0
66,2023-10-15,20034,ANA,2.841902759278306,1.810307346080896,4,1,44.41666666666666,2.3408980142915734,1.722481651200453,3,1,42.65,2.982316120486553,2.9719097510327828,4,3,60.0
67,2023-10-15,20034,CAR,1.810307346080896,2.841902759278306,1,4,44.41666666666666,1.722481651200453,2.3408980142915734,1,3,42.65,2.9719097510327828,2.982316120486553,3,4,60.0
68,2023-10-16,20038,TOR,2.9421859067808382,1.6346082362035137,1,2,50.11666666666667,2.9421859067808382,1.624221956813524,1,2,48.11666666666667,5.7806957416144,2.154083458968382,1,3,60.0
69,2023-10-16,20038,CHI,1.6346082362035137,2.9421859067808382,2,1,50.11666666666667,1.624221956813524,2.9421859067808382,2,1,48.11666666666667,2.154083458968382,5.7806957416144,3,1,60.0
70,2023-10-16,20039,WSH,1.904245067523016,2.1793664877651286,2,1,51.78333333333333,1.570028214895366,2.11053525516173,2,1,51.78333333333333,3.6635710426928494,3.718694072497976,2,2,80.0
71,2023-10-16,20039,CGY,2.1793664877651286,1.904245067523016,1,2,51.78333333333333,2.11053525516173,1.570028214895366,1,2,51.78333333333333,3.718694072497976,3.6635710426928494,2,2,80.0
72,2023-10-16,20036,N.J,1.5940296589288836,1.5520371634985717,1,3,47.56666666666667,1.5940296589288836,1.5520371634985717,1,3,45.78333333333333,3.4915267536408026,2.5225201811301448,3,4,60.0
73,2023-10-16,20036,FLA,1.5520371634985717,1.5940296589288836,3,1,47.56666666666667,1.5520371634985717,1.5940296589288836,3,1,45.78333333333333,2.5225201811301448,3.4915267536408026,4,3,60.0
74,2023-10-16,20037,NYR,2.0479771655264614,1.601879252843554,1,0,51.4,2.0479771655264614,1.601879252843554,1,0,51.4,2.7063165564468434,2.8362619299573675,2,1,60.0
75,2023-10-16,20037,ARI,1.601879252843554,2.0479771655264614,0,1,51.4,1.601879252843554,2.0479771655264614,0,1,51.4,2.8362619299573675,2.7063165564468434,1,2,60.0
76,2023-10-16,20035,CBJ,0.8717267468742049,1.505804292422162,0,2,50.03333333333333,0.8717267468742049,1.505804292422162,0,2,48.0,1.806739945996852,2.81394003040148,0,4,60.0
77,2023-10-16,20035,DET,1.505804292422162,0.8717267468742049,2,0,50.03333333333333,1.505804292422162,0.8717267468742049,2,0,48.0,2.81394003040148,1.806739945996852,4,0,60.0
78,2023-10-17,20048,VGK,1.5329653605707976,2.002623104163976,2,2,48.46666666666667,1.2484641349812278,1.792293831479801,2,2,47.91666666666666,2.7277800167400765,2.1994066421719576,2,2,80.0
79,2023-10-17,20048,DAL,2.002623104163976,1.5329653605707976,2,2,48.46666666666667,1.792293831479801,1.2484641349812278,2,2,47.91666666666666,2.1994066421719576,2.7277800167400765,2,2,80.0
80,2023-10-17,20044,NSH,2.6689690827689607,2.080420503141173,0,4,47.96666666666667,2.6689690827689607,2.080420503141173,0,4,45.75,3.4696039398541645,3.4301869420476696,1,6,60.0
81,2023-10-17,20044,EDM,2.080420503141173,2.6689690827689607,4,0,47.96666666666667,2.080420503141173,2.6689690827689607,4,0,45.75,3.4301869420476696,3.4696039398541645,6,1,60.0
82,2023-10-17,20041,MTL,1.7583434722255036,1.0919745611927536,2,0,46.36666666666667,1.5730449823918995,1.0919745611927536,2,0,46.36666666666667,2.79710878343488,3.091613008665316,2,5,60.0
83,2023-10-17,20041,MIN,1.0919745611927536,1.7583434722255036,0,2,46.36666666666667,1.0919745611927536,1.5730449823918995,0,2,46.36666666666667,3.091613008665316,2.79710878343488,5,2,60.0
84,2023-10-17,20046,SEA,1.916059627542702,2.0458672708747305,1,2,43.73333333333333,1.8037527775562343,1.8793677147457848,1,2,43.73333333333333,2.632515599605909,2.3424270053472864,1,3,60.0
85,2023-10-17,20046,COL,2.0458672708747305,1.916059627542702,2,1,43.73333333333333,1.8793677147457848,1.8037527775562343,2,1,43.73333333333333,2.3424270053472864,2.632515599605909,3,1,60.0
86,2023-10-17,20047,S.J,0.7559184736177617,1.5346806749362198,1,2,44.61666666666667,0.7559184736177617,1.5132106346194598,1,2,44.61666666666667,1.557676544460415,4.483191094694796,3,6,60.0
87,2023-10-17,20047,CAR,1.5346806749362198,0.7559184736177617,2,1,44.61666666666667,1.5132106346194598,0.7559184736177617,2,1,44.61666666666667,4.483191094694796,1.557676544460415,6,3,60.0
88,2023-10-17,20045,WPG,1.284295138954478,2.6500209098838714,1,4,52.03333333333333,1.284295138954478,2.6500209098838714,1,4,48.03333333333333,2.9519239647997733,2.973623661749329,1,5,60.0
89,2023-10-17,20045,L.A,2.6500209098838714,1.284295138954478,4,1,52.03333333333333,2.6500209098838714,1.284295138954478,4,1,48.03333333333333,2.973623661749329,2.9519239647997733,5,1,60.0
90,2023-10-17,20042,PHI,3.235949582734384,1.8026287313110367,1,0,52.3,3.1766525683181093,1.7578070202731897,1,0,50.266666666666666,4.410050857410203,2.110553188831541,1,0,60.0
91,2023-10-17,20042,VAN,1.8026287313110367,3.235949582734384,0,1,52.3,1.7578070202731897,3.1766525683181093,0,1,50.266666666666666,2.110553188831541,4.410050857410203,0,1,60.0
92,2023-10-17,20040,BUF,1.8373553586261908,1.368572683703706,3,1,43.03333333333333,1.5125706809257478,1.3133141796411816,2,1,41.03333333333333,2.3231048035348394,3.066525756934368,3,2,61.766666666666666
93,2023-10-17,20040,T.B,1.368572683703706,1.8373553586261908,1,3,43.03333333333333,1.3133141796411816,1.5125706809257478,1,2,41.03333333333333,3.066525756934368,2.3231048035348394,2,3,61.766666666666666
94,2023-10-17,20043,NYI,2.2851966737013094,1.3404868058093555,0,0,56.66666666666666,2.2766433502597234,1.3404868058093555,0,0,54.66666666666666,2.836008541111409,1.6680321925433268,1,0,60.0
95,2023-10-17,20043,ARI,1.3404868058093555,2.2851966737013094,0,0,56.66666666666666,1.3404868058093555,2.2766433502597234,0,0,54.66666666666666,1.6680321925433268,2.836008541111409,0,1,60.0
96,2023-10-18,20050,DET,1.310878572954726,2.234257925424892,3,3,55.85,1.2604766533221243,2.2283741215405315,3,3,51.25,2.2173271651601514,4.055509940913749,4,3,60.0
97,2023-10-18,20050,PIT,2.234257925424892,1.310878572954726,3,3,55.85,2.2283741215405315,1.2604766533221243,3,3,51.25,4.055509940913749,2.2173271651601514,3,4,60.0
98,2023-10-18,20049,OTT,1.7222751853934808,1.8058944737382825,5,1,50.95,1.7222751853934808,1.8058944737382825,5,1,46.95,2.873839595874829,2.757028556221992,6,1,60.0
99,2023-10-18,20049,WSH,1.8058944737382825,1.7222751853934808,1,5,50.95,1.8058944737382825,1.7222751853934808,1,5,46.95,2.757028556221992,2.873839595874829,1,6,60.0
100,2023-10-19,20052,FLA,1.0494468010290916,1.7062833494580811,2,0,43.4,1.0040155193120293,1.7062833494580811,2,0,36.85,2.3409526235081497,3.037272264183817,2,1,60.0
101,2023-10-19,20052,TOR,1.7062833494580811,1.0494468010290916,0,2,43.4,1.7062833494580811,1.0040155193120293,0,2,36.85,3.037272264183817,2.3409526235081497,1,2,60.0
102,2023-10-19,20057,STL,1.3445194991381595,2.191232060883213,2,3,56.41666666666666,1.3445194991381595,2.191232060883213,2,3,51.9,1.7833572473839194,3.230079974283857,2,6,60.0
103,2023-10-19,20057,ARI,2.191232060883213,1.3445194991381595,3,2,56.41666666666666,2.191232060883213,1.3445194991381595,3,2,51.9,3.230079974283857,1.7833572473839194,6,2,60.0
104,2023-10-19,20051,BUF,1.5158688641001608,1.889306991075056,2,4,50.86666666666667,1.5158688641001608,1.889306991075056,2,4,49.43333333333333,2.341677370059046,3.478472154430281,3,4,60.0
105,2023-10-19,20051,CGY,1.889306991075056,1.5158688641001608,4,2,50.86666666666667,1.889306991075056,1.5158688641001608,4,2,49.43333333333333,3.478472154430281,2.341677370059046,4,3,60.0
106,2023-10-19,20060,SEA,2.205051295895303,2.206262060019569,3,3,52.0,2.205051295895303,2.206262060019569,3,3,52.0,2.8605240718446416,2.8266116568199093,6,4,60.0
107,2023-10-19,20060,CAR,2.206262060019569,2.205051295895303,3,3,52.0,2.206262060019569,2.205051295895303,3,3,52.0,2.8266116568199093,2.8605240718446416,4,6,60.0
108,2023-10-19,20058,WPG,3.4975668449136923,1.994863905115245,2,2,54.16666666666666,3.4975668449136923,1.994863905115245,2,2,52.0,4.2143319341232255,2.369736018992364,3,4,60.0
109,2023-10-19,20058,VGK,1.994863905115245,3.4975668449136923,2,2,54.16666666666666,1.994863905115245,3.4975668449136923,2,2,52.0,2.369736018992364,4.2143319341232255,4,3,60.0
110,2023-10-19,20056,MIN,1.810757195209952,1.521123729161325,3,5,42.75,1.810757195209952,1.521123729161325,3,5,42.65,2.4849757080061856,1.5937491473409893,3,5,60.0
111,2023-10-19,20056,L.A,1.521123729161325,1.810757195209952,5,3,42.75,1.521123729161325,1.810757195209952,5,3,42.65,1.5937491473409893,2.4849757080061856,5,3,60.0
112,2023-10-19,20062,S.J,1.2007734513357224,4.186826347758991,1,3,47.6,1.2007734513357224,4.186826347758991,1,3,45.73333333333333,2.3680383681887003,5.164281455124353,1,3,60.0
113,2023-10-19,20062,BOS,4.186826347758991,1.2007734513357224,3,1,47.6,4.186826347758991,1.2007734513357224,3,1,45.73333333333333,5.164281455124353,2.3680383681887003,3,1,60.0
114,2023-10-19,20054,PHI,2.4582157535482434,1.7401736863039623,3,1,47.91666666666666,2.4582157535482434,1.7401736863039623,3,1,46.0,3.1291731477969007,2.2323800613150646,4,1,60.0
115,2023-10-19,20054,EDM,1.7401736863039623,2.4582157535482434,1,3,47.91666666666666,1.7401736863039623,2.4582157535482434,1,3,46.0,2.2323800613150646,3.1291731477969007,1,4,60.0
116,2023-10-19,20059,ANA,1.960955474083817,2.506233818600869,2,1,48.6,1.960955474083817,2.423869931988694,2,1,45.45,2.862216697724497,3.063071130375059,2,3,60.0
117,2023-10-19,20059,DAL,2.506233818600869,1.960955474083817,1,2,48.6,2.423869931988694,1.960955474083817,1,2,45.45,3.063071130375059,2.862216697724497,3,2,60.0
118,2023-10-19,20055,T.B,2.599916154338344,1.411153159810051,2,2,41.98333333333333,2.599916154338344,1.411153159810051,2,2,41.98333333333333,4.568039221604904,2.280208345915397,4,3,60.0
119,2023-10-19,20055,VAN,1.411153159810051,2.599916154338344,2,2,41.98333333333333,1.411153159810051,2.599916154338344,2,2,41.98333333333333,2.280208345915397,4.568039221604904,3,4,60.0
120,2023-10-19,20053,NYR,1.2396973065015384,2.881250577517231,0,2,53.21666666666667,1.2396973065015384,2.881250577517231,0,2,53.21666666666667,2.220515051208875,3.8154823974590735,1,4,60.0
121,2023-10-19,20053,NSH,2.881250577517231,1.2396973065015384,2,0,53.21666666666667,2.881250577517231,1.2396973065015384,2,0,53.21666666666667,3.8154823974590735,2.220515051208875,4,1,60.0
122,2023-10-19,20061,COL,2.182399715093924,1.576169123696151,2,0,46.1,2.182399715093924,1.576169123696151,2,0,41.0,4.343271762023762,2.106535502816885,4,0,60.0
123,2023-10-19,20061,CHI,1.576169123696151,2.182399715093924,0,2,46.1,1.576169123696151,2.182399715093924,0,2,41.0,2.106535502816885,4.343271762023762,0,4,60.0
124,2023-10-20,20064,NYI,2.618075327374682,2.553865219643055,3,1,49.86666666666667,2.1346739605021803,2.370967575671881,3,0,47.333333333333336,3.5682962770300204,3.277751093835513,4,5,62.31666666666667
125,2023-10-20,20064,N.J,2.553865219643055,2.618075327374682,1,3,49.86666666666667,2.370967575671881,2.1346739605021803,0,3,47.333333333333336,3.277751093835513,3.5682962770300204,5,4,62.31666666666667
126,2023-10-20,20063,CBJ,2.186483706445744,2.31274476654069,2,0,47.0,2.186483706445744,2.31274476654069,2,0,45.5,2.8568578247806635,3.3553254233562826,2,1,60.0
127,2023-10-20,20063,CGY,2.31274476654069,2.186483706445744,0,2,47.0,2.31274476654069,2.186483706445744,0,2,45.5,3.3553254233562826,2.8568578247806635,1,2,60.0
128,2023-10-21,20077,EDM,3.0945726646460576,1.6548795338186708,1,1,56.98333333333333,2.4209911904066908,1.0106538329036363,1,0,56.98333333333333,3.691672332452944,2.6359030320623646,2,3,63.88333333333333
129,2023-10-21,20077,WPG,1.6548795338186708,3.0945726646460576,1,1,56.98333333333333,1.0106538329036363,2.4209911904066908,0,1,56.98333333333333,2.6359030320623646,3.691672332452944,3,2,63.88333333333333
130,2023-10-21,20079,L.A,2.374219094877752,1.3093300619752886,1,3,52.0,2.3614654729072893,1.3093300619752886,1,3,52.0,4.527711223846204,1.558605599185665,2,4,60.0
131,2023-10-21,20079,BOS,1.3093300619752886,2.374219094877752,3,1,52.0,1.3093300619752886,2.3614654729072893,3,1,52.0,1.558605599185665,4.527711223846204,4,2,60.0
132,2023-10-21,20072,DAL,2.3163275870733804,2.022245888578328,5,1,50.35,2.108899032673427,1.990475740186372,4,1,46.78333333333333,2.3163275870733804,2.7613080973282544,5,4,62.21666666666667
133,2023-10-21,20072,PHI,2.022245888578328,2.3163275870733804,1,5,50.35,1.990475740186372,2.108899032673427,1,4,46.78333333333333,2.7613080973282544,2.3163275870733804,4,5,62.21666666666667
134,2023-10-21,20073,MIN,1.4205183869969185,3.884338745999323,4,4,47.7,1.3639871924759808,3.5193901826269425,4,3,47.66666666666666,2.2656023991163954,5.178472490772705,4,5,63.11666666666667
135,2023-10-21,20073,CBJ,3.884338745999323,1.4205183869969185,4,4,47.7,3.5193901826269425,1.3639871924759808,3,4,47.66666666666666,5.178472490772705,2.2656023991163954,5,4,63.11666666666667
136,2023-10-21,20067,BUF,2.9236459221401674,1.6026778895918976,3,1,53.7,2.9236459221401674,1.6026778895918976,3,1,48.66666666666666,3.433167980742723,2.474954826973586,3,1,60.0
137,2023-10-21,20067,NYI,1.6026778895918976,2.9236459221401674,1,3,53.7,1.6026778895918976,2.9236459221401674,1,3,48.66666666666666,2.474954826973586,3.433167980742723,1,3,60.0
138,2023-10-21,20069,MTL,2.5242701132130634,2.6862703598703788,2,1,49.016666666666666,2.475964958293841,2.5137258043259134,1,1,47.3,3.6808761138304766,5.189183321408012,3,2,60.78333333333333
139,2023-10-21,20069,WSH,2.6862703598703788,2.5242701132130634,1,2,49.016666666666666,2.5137258043259134,2.475964958293841,1,1,47.3,5.189183321408012,3.6808761138304766,2,3,60.78333333333333
140,2023-10-21,20070,T.B,2.7804107702905454,4.387616299024482,1,4,55.93333333333333,2.735696797032945,3.505671664723064,1,3,53.96666666666667,3.376871068764894,5.220192896643645,3,4,64.08333333333333
141,2023-10-21,20070,TOR,4.387616299024482,2.7804107702905454,4,1,55.93333333333333,3.505671664723064,2.735696797032945,3,1,53.96666666666667,5.220192896643645,3.376871068764894,4,3,64.08333333333333
142,2023-10-21,20066,ARI,1.4370314023253652,1.5376083911878249,0,0,51.36666666666667,1.323371191688054,1.5376083911878249,0,0,48.68333333333333,3.3244296381284952,3.4815858145911545,2,1,60.0
143,2023-10-21,20066,ANA,1.5376083911878249,1.4370314023253652,0,0,51.36666666666667,1.5376083911878249,1.323371191688054,0,0,48.68333333333333,3.4815858145911545,3.3244296381284952,1,2,60.0
144,2023-10-21,20068,FLA,2.461765446310193,1.7103339167583442,2,2,49.21666666666667,2.461765446310193,1.7103339167583442,2,2,49.21666666666667,3.3445541294584062,3.0719006857152418,2,4,60.0
145,2023-10-21,20068,VAN,1.7103339167583442,2.461765446310193,2,2,49.21666666666667,1.7103339167583442,2.461765446310193,2,2,49.21666666666667,3.0719006857152418,3.3445541294584062,4,2,60.0
146,2023-10-21,20065,OTT,2.272377040756712,1.951621391984532,1,2,49.21666666666667,2.099642793032527,1.781375815132686,1,2,47.31666666666667,3.5533292686709403,2.968339757074998,2,5,60.0
147,2023-10-21,20065,DET,1.951621391984532,2.272377040756712,2,1,49.21666666666667,1.781375815132686,2.099642793032527,2,1,47.31666666666667,2.968339757074998,3.5533292686709403,5,2,60.0
148,2023-10-21,20074,NSH,2.4765906744956943,2.0254514740363905,3,1,46.3,2.4765906744956943,2.0254514740363905,3,1,44.71666666666667,3.839427738795348,2.62008304867736,5,1,60.0
149,2023-10-21,20074,S.J,2.0254514740363905,2.4765906744956943,1,3,46.3,2.0254514740363905,2.4765906744956943,1,3,44.71666666666667,2.62008304867736,3.839427738795348,1,5,60.0
150,2023-10-21,20071,CHI,0.872694130124697,2.012760564652091,2,3,43.48333333333333,0.872694130124697,2.012760564652091,2,3,39.266666666666666,1.7416427805821022,2.6835909096300736,3,5,60.0
151,2023-10-21,20071,VGK,2.012760564652091,0.872694130124697,3,2,43.48333333333333,2.012760564652091,0.872694130124697,3,2,39.266666666666666,2.6835909096300736,1.7416427805821022,5,3,60.0
152,2023-10-21,20075,STL,2.4230817023874534,3.4663465511495253,4,2,50.766666666666666,2.4230817023874534,3.4663465511495253,4,2,50.766666666666666,3.3711091487056883,3.959077970823104,4,2,60.0
153,2023-10-21,20075,PIT,3.4663465511495253,2.4230817023874534,2,4,50.766666666666666,3.4663465511495253,2.4230817023874534,2,4,50.766666666666666,3.959077970823104,3.3711091487056883,2,4,60.0
154,2023-10-21,20078,SEA,1.1695828571093625,1.9326888343861333,1,4,51.63333333333333,1.1695828571093625,1.9326888343861333,1,4,49.5,1.4750604324727394,2.341408727572162,1,4,60.0
155,2023-10-21,20078,NYR,1.9326888343861333,1.1695828571093625,4,1,51.63333333333333,1.9326888343861333,1.1695828571093625,4,1,49.5,2.341408727572162,1.4750604324727394,4,1,60.0
156,2023-10-21,20076,COL,1.7253898584639555,1.647170430570852,2,3,44.1,1.7253898584639555,1.647170430570852,2,3,41.0,2.850913141625765,3.5883225339051203,6,4,60.0
157,2023-10-21,20076,CAR,1.647170430570852,1.7253898584639555,3,2,44.1,1.647170430570852,1.7253898584639555,3,2,41.0,3.5883225339051203,2.850913141625765,4,6,60.0
158,2023-10-22,20081,ANA,2.7122722704797315,1.5082820903890366,1,2,52.0,2.7122722704797315,1.3426713780123385,1,2,52.0,3.6151789163925407,2.725771641066548,1,2,60.0
159,2023-10-22,20081,BOS,1.5082820903890366,2.7122722704797315,2,1,52.0,1.3426713780123385,2.7122722704797315,2,1,52.0,2.725771641066548,3.6151789163925407,2,1,60.0
160,2023-10-22,20080,DET,1.3841932593602766,2.032407415640483,6,2,48.7,1.3841932593602766,2.032407415640483,6,2,48.7,2.7092740298364024,2.711231160735384,6,2,60.0
161,2023-10-22,20080,CGY,2.032407415640483,1.3841932593602766,2,6,48.7,2.032407415640483,1.3841932593602766,2,6,48.7,2.711231160735384,2.7092740298364024,2,6,60.0
162,2023-10-23,20082,BUF,1.973285008598077,2.581013986567632,0,2,51.43333333333333,1.973285008598077,2.581013986567632,0,2,50.45,3.988144583949474,4.137421888267654,1,3,60.0
163,2023-10-23,20082,MTL,2.581013986567632,1.973285008598077,2,0,51.43333333333333,2.581013986567632,1.973285008598077,2,0,50.45,4.137421888267654,3.988144583949474,3,1,60.0
164,2023-10-24,20087,MTL,1.4371471979683137,2.8729522874040763,1,2,50.31666666666667,1.4371471979683137,2.8729522874040763,1,2,49.35,2.760347056337926,4.087412147502483,2,4,60.0
165,2023-10-24,20087,N.J,2.8729522874040763,1.4371471979683137,2,1,50.31666666666667,2.8729522874040763,1.4371471979683137,2,1,49.35,4.087412147502483,2.760347056337926,4,2,60.0
166,2023-10-24,20091,DET,2.268641059616444,3.9069817535958857,1,3,54.0,2.0756229148508485,3.4141561179462188,1,2,54.0,3.4478367391513207,5.166404319137302,4,5,64.91666666666667
167,2023-10-24,20091,SEA,3.9069817535958857,2.268641059616444,3,1,54.0,3.4141561179462188,2.0756229148508485,2,1,54.0,5.166404319137302,3.4478367391513207,5,4,64.91666666666667
168,2023-10-24,20088,PIT,3.27981394667838,3.002736947091661,1,4,47.23333333333333,3.167511785422116,2.8672301707303767,1,4,47.23333333333333,4.380058351783018,3.626582169747416,1,4,60.0
169,2023-10-24,20088,DAL,3.002736947091661,3.27981394667838,4,1,47.23333333333333,2.8672301707303767,3.167511785422116,4,1,47.23333333333333,3.626582169747416,4.380058351783018,4,1,60.0
170,2023-10-24,20098,VGK,2.6936266590373408,2.396667050158131,3,2,40.81666666666667,2.561431350012328,2.396667050158131,3,2,40.81666666666667,2.8617085609870623,2.427472027048277,3,2,60.0
171,2023-10-24,20098,PHI,2.396667050158131,2.6936266590373408,2,3,40.81666666666667,2.396667050158131,2.561431350012328,2,3,40.81666666666667,2.427472027048277,2.8617085609870623,2,3,60.0
172,2023-10-24,20090,NYI,1.5276130291339074,2.01414909985643,3,4,41.86666666666667,1.4027947838158057,1.799685042931667,3,4,41.86666666666667,3.01267515254837,2.91812255952046,4,5,60.0
173,2023-10-24,20090,COL,2.01414909985643,1.5276130291339074,4,3,41.86666666666667,1.799685042931667,1.4027947838158057,4,3,41.86666666666667,2.91812255952046,3.01267515254837,5,4,60.0
174,2023-10-24,20097,L.A,2.198650080184058,2.3405721351919744,4,2,53.05,2.198650080184058,2.2219326812373628,4,2,53.05,3.167649438425672,3.3585819978567044,5,3,60.0
175,2023-10-24,20097,ARI,2.3405721351919744,2.198650080184058,2,4,53.05,2.2219326812373628,2.198650080184058,2,4,53.05,3.3585819978567044,3.167649438425672,3,5,60.0
176,2023-10-24,20085,OTT,2.65975241086845,1.5999219244822225,3,4,50.1,2.65975241086845,1.5999219244822225,3,4,45.6,3.5512928493880573,1.9304993249616524,4,5,60.0
177,2023-10-24,20085,BUF,1.5999219244822225,2.65975241086845,4,3,50.1,1.5999219244822225,2.65975241086845,4,3,45.6,1.9304993249616524,3.5512928493880573,5,4,60.0
178,2023-10-24,20092,CHI,2.0284458362664264,2.24337332769762,0,3,46.93333333333333,1.892346958709596,2.180628705561876,0,3,46.93333333333333,2.2277586590111644,2.55529180185584,0,3,60.0
179,2023-10-24,20092,BOS,2.24337332769762,2.0284458362664264,3,0,46.93333333333333,2.180628705561876,1.892346958709596,3,0,46.93333333333333,2.55529180185584,2.2277586590111644,3,0,60.0
180,2023-10-24,20084,CBJ,1.3653435908567555,1.409195424525113,1,3,51.81666666666667,1.209852543214134,0.9981713037853934,1,2,51.81666666666667,3.7978264364828895,2.1708862388446333,2,3,62.333333333333336
181,2023-10-24,20084,ANA,1.409195424525113,1.3653435908567555,3,1,51.81666666666667,0.9981713037853934,1.209852543214134,2,1,51.81666666666667,2.1708862388446333,3.7978264364828895,3,2,62.333333333333336
182,2023-10-24,20089,FLA,2.2599410864554543,2.247375582773841,1,0,53.23333333333333,1.9499268430829464,2.247375582773841,1,0,53.23333333333333,3.3975967299208296,2.818772324110012,2,1,60.0
183,2023-10-24,20089,S.J,2.247375582773841,2.2599410864554543,0,1,53.23333333333333,2.247375582773841,1.9499268430829464,0,1,53.23333333333333,2.818772324110012,3.3975967299208296,1,2,60.0
184,2023-10-24,20094,MIN,2.715420768991753,1.7284465518007603,6,3,49.53333333333333,2.5864770985993752,1.7147571811582,5,3,47.75,3.991750493331724,2.538373808505308,6,4,60.0
185,2023-10-24,20094,EDM,1.7284465518007603,2.715420768991753,3,6,49.53333333333333,1.7147571811582,2.5864770985993752,3,5,47.75,2.538373808505308,3.991750493331724,4,6,60.0
186,2023-10-24,20095,NSH,0.9711890209178377,1.586827344131632,2,3,47.03333333333333,0.9711890209178377,1.516866942011729,2,3,47.03333333333333,1.4626325136154474,2.161334737597712,2,3,60.0
187,2023-10-24,20095,VAN,1.586827344131632,0.9711890209178377,3,2,47.03333333333333,1.516866942011729,0.9711890209178377,3,2,47.03333333333333,2.161334737597712,1.4626325136154474,3,2,60.0
188,2023-10-24,20093,WPG,1.4976783135298726,2.203472685636964,3,0,46.45,1.4476314192305946,2.203472685636964,2,0,46.45,2.0975811871570715,2.9110094935439954,3,2,60.0
189,2023-10-24,20093,STL,2.203472685636964,1.4976783135298726,0,3,46.45,2.203472685636964,1.4476314192305946,0,2,46.45,2.9110094935439954,2.0975811871570715,2,3,60.0
190,2023-10-24,20086,T.B,1.2740603679777212,1.90636270932482,2,0,51.46666666666667,1.2740603679777212,1.90636270932482,2,0,51.46666666666667,1.6338847916528825,2.883827332971127,3,0,60.0
191,2023-10-24,20086,CAR,1.90636270932482,1.2740603679777212,0,2,51.46666666666667,1.90636270932482,1.2740603679777212,0,2,51.46666666666667,2.883827332971127,1.6338847916528825,0,3,60.0
192,2023-10-24,20083,WSH,2.1288642533733224,0.9357336533780172,0,2,53.016666666666666,2.1288642533733224,0.9357336533780172,0,2,51.766666666666666,3.920186005244408,1.6489893284940251,1,4,60.0
193,2023-10-24,20083,TOR,0.9357336533780172,2.1288642533733224,2,0,53.016666666666666,0.9357336533780172,2.1288642533733224,2,0,51.766666666666666,1.6489893284940251,3.920186005244408,4,1,60.0
194,2023-10-24,20096,CGY,1.9540900342453984,1.7649102067242113,1,1,50.016666666666666,1.9408105877758663,1.19018997919479,1,0,50.016666666666666,2.535532732343568,2.4009420664520627,1,3,60.0
195,2023-10-24,20096,NYR,1.7649102067242113,1.9540900342453984,1,1,50.016666666666666,1.19018997919479,1.9408105877758663,0,1,50.016666666666666,2.4009420664520627,2.535532732343568,3,1,60.0
196,2023-10-25,20099,N.J,2.3602010755423013,1.4167313440842648,4,4,52.266666666666666,2.3602010755423013,1.4167313440842648,4,4,48.75,2.5064729437675526,2.033990571415764,4,5,60.0
197,2023-10-25,20099,WSH,1.4167313440842648,2.3602010755423013,4,4,52.266666666666666,1.4167313440842648,2.3602010755423013,4,4,48.75,2.033990571415764,2.5064729437675526,5,4,60.0
198,2023-10-26,20107,NYI,2.3965308982919264,2.2180296703337,2,1,55.53333333333333,2.3965308982919264,2.151959503901109,2,1,55.53333333333333,2.935885282311941,4.0516115918948135,3,2,60.0
199,2023-10-26,20107,OTT,2.2180296703337,2.3965308982919264,1,2,55.53333333333333,2.151959503901109,2.3965308982919264,1,2,55.53333333333333,4.0516115918948135,2.935885282311941,2,3,60.0
200,2023-10-26,20101,CAR,3.1760272944508303,1.8066597471144792,3,2,50.333333333333336,3.1341403285762337,1.5347690744282678,2,2,46.63333333333333,3.6311895415159134,2.1974958360300456,3,2,64.83333333333333
201,2023-10-26,20101,SEA,1.8066597471144792,3.1760272944508303,2,3,50.333333333333336,1.5347690744282678,3.1341403285762337,2,2,46.63333333333333,2.1974958360300456,3.6311895415159134,2,3,64.83333333333333
202,2023-10-26,20103,MTL,3.27691985547574,1.8594766566441607,2,1,46.96666666666667,2.0021512045209846,1.818225768094558,1,1,44.96666666666667,4.531293697396475,3.4850143670808658,4,3,64.28333333333333
203,2023-10-26,20103,CBJ,1.8594766566441607,3.27691985547574,1,2,46.96666666666667,1.818225768094558,2.0021512045209846,1,1,44.96666666666667,3.4850143670808658,4.531293697396475,3,4,64.28333333333333
204,2023-10-26,20100,BOS,1.8258586065130664,1.3333742362508707,2,2,48.36666666666667,1.6660143534957523,1.1480821823094196,1,1,47.65,2.947204892263679,3.2369863013833684,3,4,62.13333333333333
205,2023-10-26,20100,ANA,1.3333742362508707,1.8258586065130664,2,2,48.36666666666667,1.1480821823094196,1.6660143534957523,1,1,47.65,3.2369863013833684,2.947204892263679,4,3,62.13333333333333
206,2023-10-26,20110,EDM,3.183731817283773,2.0469459081851324,0,2,52.7,3.183731817283773,2.0469459081851324,0,2,51.55,3.4109216161972,2.6190160305754264,0,3,60.0
207,2023-10-26,20110,NYR,2.0469459081851324,3.183731817283773,2,0,52.7,2.0469459081851324,3.183731817283773,2,0,51.55,2.6190160305754264,3.4109216161972,3,0,60.0
208,2023-10-26,20108,DAL,2.8680492684146195,1.325120698436959,1,2,48.0,2.8680492684146195,1.2406713532383706,1,1,48.0,3.678342024334965,2.475582497983884,1,3,60.0
209,2023-10-26,20108,TOR,1.325120698436959,2.8680492684146195,2,1,48.0,1.2406713532383706,2.8680492684146195,1,1,48.0,2.475582497983884,3.678342024334965,3,1,60.0
210,2023-10-26,20109,CGY,2.198493168716261,2.219368434230461,0,1,50.266666666666666,2.198493168716261,2.144075473981648,0,1,50.266666666666666,2.706633917710014,3.3642443429687696,0,2,60.0
211,2023-10-26,20109,STL,2.219368434230461,2.198493168716261,1,0,50.266666666666666,2.144075473981648,2.198493168716261,1,0,50.266666666666666,3.3642443429687696,2.706633917710014,2,0,60.0
212,2023-10-26,20105,PIT,2.0307973293626684,2.2875035951679217,4,0,47.66666666666666,2.0307973293626684,2.2875035951679217,4,0,47.66666666666666,2.11696478760578,2.9071862748110653,4,0,60.0
213,2023-10-26,20105,COL,2.2875035951679217,2.0307973293626684,0,4,47.66666666666666,2.2875035951679217,2.0307973293626684,0,4,47.66666666666666,2.9071862748110653,2.11696478760578,0,4,60.0
214,2023-10-26,20102,DET,1.9123001636077623,1.583359883455203,1,3,53.86666666666667,1.9123001636077623,1.583359883455203,1,3,53.86666666666667,3.3096408145024467,2.480003324181105,1,3,60.0
215,2023-10-26,20102,WPG,1.583359883455203,1.9123001636077623,3,1,53.86666666666667,1.583359883455203,1.9123001636077623,3,1,53.86666666666667,2.480003324181105,3.3096408145024467,3,1,60.0
216,2023-10-26,20106,T.B,2.896753025275172,1.3173094077710898,5,0,49.03333333333333,2.800556151223079,1.3022090510970623,5,0,45.73333333333333,4.1302031080803205,1.54862780820582,6,0,60.0
217,2023-10-26,20106,S.J,1.3173094077710898,2.896753025275172,0,5,49.03333333333333,1.3022090510970623,2.800556151223079,0,5,45.73333333333333,1.54862780820582,4.1302031080803205,0,6,60.0
218,2023-10-26,20104,PHI,2.5957366654251413,1.8396977005808748,4,2,47.083333333333336,2.5957366654251413,1.8396977005808748,4,2,47.083333333333336,3.2565650260233374,1.9801044672549573,6,2,60.0
219,2023-10-26,20104,MIN,1.8396977005808748,2.5957366654251413,2,4,47.083333333333336,1.8396977005808748,2.5957366654251413,2,4,47.083333333333336,1.9801044672549573,3.2565650260233374,2,6,60.0
220,2023-10-27,20112,CAR,2.392054483415303,1.7271594156460026,2,0,50.8,2.2264528890752087,1.7271594156460026,2,0,47.266666666666666,4.553916979753954,2.05913645472782,3,0,60.0
221,2023-10-27,20112,S.J,1.7271594156460026,2.392054483415303,0,2,50.8,1.7271594156460026,2.2264528890752087,0,2,47.266666666666666,2.05913645472782,4.553916979753954,0,3,60.0
222,2023-10-27,20114,WSH,1.4596739974363295,3.0334956475518613,0,2,46.05,1.3463690935023538,1.996999523940932,0,2,46.05,2.4414805445508465,5.0625250043538506,2,2,80.0
223,2023-10-27,20114,MIN,3.0334956475518613,1.4596739974363295,2,0,46.05,1.996999523940932,1.3463690935023538,2,0,46.05,5.0625250043538506,2.4414805445508465,2,2,80.0
224,2023-10-27,20115,ARI,1.8005607271952375,2.3974328020865947,4,4,51.7,1.8005607271952375,2.3974328020865947,4,4,51.7,2.1622797274591776,3.5184554285675373,4,5,60.0
225,2023-10-27,20115,L.A,2.3974328020865947,1.8005607271952375,4,4,51.7,2.3974328020865947,1.8005607271952375,4,4,51.7,3.5184554285675373,2.1622797274591776,5,4,60.0
226,2023-10-27,20111,VGK,1.7340709099280018,1.92242244867969,3,3,45.96666666666667,1.7340709099280018,1.92242244867969,3,3,44.7,2.3963330544032195,2.2317485745598016,3,4,62.833333333333336
227,2023-10-27,20111,CHI,1.92242244867969,1.7340709099280018,3,3,45.96666666666667,1.92242244867969,1.7340709099280018,3,3,44.7,2.2317485745598016,2.3963330544032195,4,3,62.833333333333336
228,2023-10-27,20113,N.J,1.582843755893797,2.538427753715361,3,4,46.36666666666667,1.1397281512036614,2.46833478403034,2,4,44.03333333333333,3.135254423856504,2.9694068298618026,5,4,60.0
229,2023-10-27,20113,BUF,2.538427753715361,1.582843755893797,4,3,46.36666666666667,2.46833478403034,1.1397281512036614,4,2,44.03333333333333,2.9694068298618026,3.135254423856504,4,5,60.0
230,2023-10-27,20116,VAN,1.9029376678501813,0.8140332822166649,4,0,35.68333333333333,1.8742862585137487,0.6376648486937199,4,0,33.333333333333336,3.647516973080904,1.6261277712745834,5,0,60.0
231,2023-10-27,20116,STL,0.8140332822166649,1.9029376678501813,0,4,35.68333333333333,0.6376648486937199,1.8742862585137487,0,4,33.333333333333336,1.6261277712745834,3.647516973080904,0,5,60.0
232,2023-10-28,20125,L.A,2.87115704375701,2.5873089829382203,2,2,49.95,2.500112404333588,2.475217495374009,2,2,46.583333333333336,4.5162997475807565,4.037352058662098,3,3,80.0
233,2023-10-28,20125,VGK,2.5873089829382203,2.87115704375701,2,2,49.95,2.475217495374009,2.500112404333588,2,2,46.583333333333336,4.037352058662098,4.5162997475807565,3,3,80.0
234,2023-10-28,20122,NSH,1.8744733961441744,2.0868513852213573,1,1,50.0,1.6196049173677003,2.02626578589176,0,1,50.0,2.633735929296889,2.7522185870084366,3,2,62.21666666666667
235,2023-10-28,20122,TOR,2.0868513852213573,1.8744733961441744,1,1,50.0,2.02626578589176,1.6196049173677003,1,0,50.0,2.7522185870084366,2.633735929296889,2,3,62.21666666666667
236,2023-10-28,20118,FLA,2.3099123588631323,2.265614619462482,2,2,50.516666666666666,2.3099123588631323,2.265614619462482,2,2,50.516666666666666,2.5718337244615945,2.5211053372240984,3,2,60.0
237,2023-10-28,20118,SEA,2.265614619462482,2.3099123588631323,2,2,50.516666666666666,2.265614619462482,2.3099123588631323,2,2,50.516666666666666,2.5211053372240984,2.5718337244615945,2,3,60.0
238,2023-10-28,20121,MTL,2.193385107900364,3.141869636986045,2,2,53.45,1.9549104981477303,2.740072386602022,2,2,53.45,2.4695257711493803,3.4007698659381447,3,2,80.0
239,2023-10-28,20121,WPG,3.141869636986045,2.193385107900364,2,2,53.45,2.740072386602022,1.9549104981477303,2,2,53.45,3.4007698659381447,2.4695257711493803,2,3,80.0
240,2023-10-28,20123,PIT,3.4715907287706647,2.481324349607785,2,4,43.85,3.4715907287706647,2.481324349607785,2,4,43.85,4.000805665621503,3.0914183749011084,2,5,60.0
241,2023-10-28,20123,OTT,2.481324349607785,3.4715907287706647,4,2,43.85,2.481324349607785,3.4715907287706647,4,2,43.85,3.0914183749011084,4.000805665621503,5,2,60.0
242,2023-10-28,20117,PHI,1.901597811598681,2.004384365047384,3,4,53.4,1.901597811598681,2.004384365047384,3,4,49.63333333333333,2.5406159425412413,2.7915103026610484,4,7,60.0
243,2023-10-28,20117,ANA,2.004384365047384,1.901597811598681,4,3,53.4,2.004384365047384,1.901597811598681,4,3,49.63333333333333,2.7915103026610484,2.5406159425412413,7,4,60.0
244,2023-10-28,20124,VAN,2.3787801206365686,1.039235394056318,1,1,53.38333333333333,1.661488238517573,0.7560547675685364,1,0,53.38333333333333,3.5738788636601964,2.615873767755861,3,4,63.8
245,2023-10-28,20124,NYR,1.039235394056318,2.3787801206365686,1,1,53.38333333333333,0.7560547675685364,1.661488238517573,0,1,53.38333333333333,2.615873767755861,3.5738788636601964,4,3,63.8
246,2023-10-28,20119,BOS,1.7651705769550885,1.4962442529558178,1,1,50.833333333333336,1.5984708542081156,1.3651910400797038,1,1,48.05,3.577669431002785,1.960042098093464,2,1,60.0
247,2023-10-28,20119,DET,1.4962442529558178,1.7651705769550885,1,1,50.833333333333336,1.3651910400797038,1.5984708542081156,1,1,48.05,1.960042098093464,3.577669431002785,1,2,60.0
248,2023-10-28,20120,CBJ,2.7444536165688977,2.9263901303079822,0,2,45.93333333333333,2.7444536165688977,2.9263901303079822,0,2,45.93333333333333,3.934240740642621,3.8072000794357153,0,2,60.0
249,2023-10-28,20120,NYI,2.9263901303079822,2.7444536165688977,2,0,45.93333333333333,2.9263901303079822,2.7444536165688977,2,0,45.93333333333333,3.8072000794357153,3.934240740642621,2,0,60.0
250,2023-10-29,20128,WSH,2.55141167653288,2.436265089285485,2,1,48.85,2.55141167653288,2.436265089285485,2,1,44.05,3.524374116628205,2.5527224279609824,2,1,60.0
251,2023-10-29,20128,S.J,2.436265089285485,2.55141167653288,1,2,48.85,2.436265089285485,2.55141167653288,1,2,44.05,2.5527224279609824,3.524374116628205,1,2,60.0
252,2023-10-29,20129,EDM,3.399300173386948,0.9581614164174752,4,0,51.91666666666666,3.399300173386948,0.9581614164174752,4,0,51.91666666666666,4.0473254329543495,2.8546363243820427,4,2,60.0
253,2023-10-29,20129,CGY,0.9581614164174752,3.399300173386948,0,4,51.91666666666666,0.9581614164174752,3.399300173386948,0,4,51.91666666666666,2.8546363243820427,4.0473254329543495,2,4,60.0
254,2023-10-29,20126,BUF,1.7840990907006562,1.6837512472770093,3,0,46.53333333333333,1.7840990907006562,1.6837512472770093,3,0,46.0,2.5301242397507866,2.619841873705303,3,0,60.0
255,2023-10-29,20126,COL,1.6837512472770093,1.7840990907006562,0,3,46.53333333333333,1.6837512472770093,1.7840990907006562,0,3,46.0,2.619841873705303,2.5301242397507866,0,3,60.0
256,2023-10-29,20127,N.J,1.711499956556838,1.8053825974559243,2,2,48.28333333333333,1.711499956556838,1.8053825974559243,2,2,44.63333333333333,2.2796782722985447,4.131840901554655,4,3,60.0
257,2023-10-29,20127,MIN,1.8053825974559243,1.711499956556838,2,2,48.28333333333333,1.8053825974559243,1.711499956556838,2,2,44.63333333333333,4.131840901554655,2.2796782722985447,3,4,60.0
258,2023-10-30,20138,VGK,2.182208939552303,2.4480290367424704,0,1,52.0,1.6573043160382346,1.8803127481677504,0,1,52.0,2.8377842106658995,3.423621279386434,2,2,80.0
259,2023-10-30,20138,MTL,2.4480290367424704,2.182208939552303,1,0,52.0,1.8803127481677504,1.6573043160382346,1,0,52.0,3.423621279386434,2.8377842106658995,2,2,80.0
260,2023-10-30,20134,NYI,4.425954084883919,3.407153937700662,1,4,45.48333333333333,4.329550514811361,2.9329774021486017,1,3,43.88333333333333,5.215018240620465,3.927599421822902,3,4,61.41666666666666
261,2023-10-30,20134,DET,3.407153937700662,4.425954084883919,4,1,45.48333333333333,2.9329774021486017,4.329550514811361,3,1,43.88333333333333,3.927599421822902,5.215018240620465,4,3,61.41666666666666
262,2023-10-30,20137,ARI,4.881777583999316,1.472215423661841,7,1,50.7,4.281952631639535,1.4632268377583195,7,1,48.95,5.74086670651932,1.862327843845962,8,1,60.0
263,2023-10-30,20137,CHI,1.472215423661841,4.881777583999316,1,7,50.7,1.4632268377583195,4.281952631639535,1,7,48.95,1.862327843845962,5.74086670651932,1,8,60.0
264,2023-10-30,20132,PIT,3.569419317500216,1.8373122693283157,1,2,54.93333333333333,3.569419317500216,1.8373122693283157,1,2,52.93333333333333,6.848634690236161,2.5501390915657747,3,4,60.0
265,2023-10-30,20132,ANA,1.8373122693283157,3.569419317500216,2,1,54.93333333333333,1.8373122693283157,3.569419317500216,2,1,52.93333333333333,2.5501390915657747,6.848634690236161,4,3,60.0
266,2023-10-30,20130,BOS,1.9421733399088488,1.9425967997136624,3,2,44.93333333333333,1.6661332864692917,1.861528328069537,2,2,40.833333333333336,2.323245006654281,3.075216059542881,3,2,63.6
267,2023-10-30,20130,FLA,1.9425967997136624,1.9421733399088488,2,3,44.93333333333333,1.861528328069537,1.6661332864692917,2,2,40.833333333333336,3.075216059542881,2.323245006654281,2,3,63.6
268,2023-10-30,20133,T.B,2.1467774477121053,3.5439709472929684,2,2,52.71666666666667,1.9061699383313893,3.4202131667439426,2,2,50.71666666666667,3.497824603906002,4.3628483303151375,3,4,62.88333333333333
269,2023-10-30,20133,SEA,3.5439709472929684,2.1467774477121053,2,2,52.71666666666667,3.4202131667439426,1.9061699383313893,2,2,50.71666666666667,4.3628483303151375,3.497824603906002,4,3,62.88333333333333
270,2023-10-30,20135,WPG,1.423112027058021,1.418403014808019,2,2,50.48333333333333,1.2996993540548487,1.2216348681407732,2,1,50.48333333333333,2.369703490355846,2.814566059412396,2,3,64.56666666666666
271,2023-10-30,20135,NYR,1.418403014808019,1.423112027058021,2,2,50.48333333333333,1.2216348681407732,1.2996993540548487,1,2,50.48333333333333,2.814566059412396,2.369703490355846,3,2,64.56666666666666
272,2023-10-30,20136,DAL,3.7456031190637376,1.953652978394917,4,3,44.0,3.7456031190637376,1.9136276590085028,4,2,44.0,4.893257444312457,2.2386544860947324,4,3,60.0
273,2023-10-30,20136,CBJ,1.953652978394917,3.7456031190637376,3,4,44.0,1.9136276590085028,3.7456031190637376,2,4,44.0,2.2386544860947324,4.893257444312457,3,4,60.0
274,2023-10-30,20131,PHI,2.292387159904972,1.7159752196891394,2,2,48.88333333333333,2.292387159904972,1.7159752196891394,2,2,48.88333333333333,4.299379221211134,2.027555350550362,2,3,60.0
275,2023-10-30,20131,CAR,1.7159752196891394,2.292387159904972,2,2,48.88333333333333,1.7159752196891394,2.292387159904972,2,2,48.88333333333333,2.027555350550362,4.299379221211134,3,2,60.0
0,2023-10-31,20139,TOR,1.7947482138680833,2.0891202268496536,0,3,50.266666666666666,1.7947482138680833,2.0891202268496536,0,3,48.266666666666666,2.570086370143066,3.299830023331878,1,4,60.0
1,2023-10-31,20139,L.A,2.0891202268496536,1.7947482138680833,3,0,50.266666666666666,2.0891202268496536,1.7947482138680833,3,0,48.266666666666666,3.299830023331878,2.570086370143066,4,1,60.0
2,2023-10-31,20140,VAN,2.2703060448569663,2.9421816567308303,3,2,61.0,1.6787652487973188,2.9421816567308303,1,2,56.0,2.796089793985508,3.816648874536324,4,2,60.0
3,2023-10-31,20140,NSH,2.9421816567308303,2.2703060448569663,2,3,61.0,2.9421816567308303,1.6787652487973188,2,1,56.0,3.816648874536324,2.796089793985508,2,4,60.0
