,Appearance Number,Date,GSAx,Goalie,Team,Color
0,1,2023-10-12,1.8260412426000348,JORDAN BINNINGTON,STL,#002F87
1,2,2023-10-14,3.419813119833781,JORDAN BINNINGTON,STL,#002F87
2,3,2023-10-21,5.378891090656884,JORDAN BINNINGTON,STL,#002F87
3,4,2023-10-24,4.476472277813956,JORDAN BINNINGTON,STL,#002F87
4,5,2023-10-27,3.1239892508948603,JORDAN BINNINGTON,STL,#002F87
5,6,2023-11-01,1.897142533522353,JORDAN BINNINGTON,STL,#002F87
6,7,2023-11-03,4.632470629943585,JORDAN BINNINGTON,STL,#002F87
7,8,2023-11-07,3.5282249039085616,JORDAN BINNINGTON,STL,#002F87
8,9,2023-11-11,5.660165809423276,JORDAN BINNINGTON,STL,#002F87
9,10,2023-11-14,8.745639698006517,JORDAN BINNINGTON,STL,#002F87
10,11,2023-11-16,9.040926140145178,JORDAN BINNINGTON,STL,#002F87
11,12,2023-11-18,8.128810317594493,JORDAN BINNINGTON,STL,#002F87
12,13,2023-11-22,4.511718919225621,JORDAN BINNINGTON,STL,#002F87
13,14,2023-11-24,2.386084234265201,JORDAN BINNINGTON,STL,#002F87
14,15,2023-11-26,3.7828719179709704,JORDAN BINNINGTON,STL,#002F87
15,16,2023-11-28,3.697261990551139,JORDAN BINNINGTON,STL,#002F87
16,17,2023-11-30,4.188984538073542,JORDAN BINNINGTON,STL,#002F87
17,18,2023-12-04,8.361770775670683,JORDAN BINNINGTON,STL,#002F87
18,19,2023-12-06,8.452058150220715,JORDAN BINNINGTON,STL,#002F87
19,20,2023-12-09,8.900789144866303,JORDAN BINNINGTON,STL,#002F87
20,21,2023-12-12,7.242464822219381,JORDAN BINNINGTON,STL,#002F87
21,22,2023-12-14,8.166662696602778,JORDAN BINNINGTON,STL,#002F87
22,23,2023-12-16,7.697415422495858,JORDAN BINNINGTON,STL,#002F87
23,24,2023-12-19,4.214008640560248,JORDAN BINNINGTON,STL,#002F87
24,25,2023-12-23,1.4430562492621006,JORDAN BINNINGTON,STL,#002F87
0,1,2023-10-14,0.09043178613692904,ILYA SOROKIN,NYI,#F47D30
1,2,2023-10-17,1.7584639786802558,ILYA SOROKIN,NYI,#F47D30
2,3,2023-10-20,0.03621507251576794,ILYA SOROKIN,NYI,#F47D30
3,4,2023-10-24,-2.0456623679637715,ILYA SOROKIN,NYI,#F47D30
4,5,2023-10-26,0.005949223931041914,ILYA SOROKIN,NYI,#F47D30
5,6,2023-10-30,-0.06645135424605675,ILYA SOROKIN,NYI,#F47D30
6,7,2023-11-04,-0.0012564860213895024,ILYA SOROKIN,NYI,#F47D30
7,8,2023-11-09,-1.631774962137586,ILYA SOROKIN,NYI,#F47D30
8,9,2023-11-13,-1.9282875934424086,ILYA SOROKIN,NYI,#F47D30
9,10,2023-11-15,-0.6429366583680758,ILYA SOROKIN,NYI,#F47D30
10,11,2023-11-18,-1.1269845831965597,ILYA SOROKIN,NYI,#F47D30
11,12,2023-11-22,0.578167182733492,ILYA SOROKIN,NYI,#F47D30
12,13,2023-11-25,4.573620830803622,ILYA SOROKIN,NYI,#F47D30
13,14,2023-11-28,3.2469067439865418,ILYA SOROKIN,NYI,#F47D30
14,15,2023-12-02,4.860643729123221,ILYA SOROKIN,NYI,#F47D30
15,16,2023-12-05,3.3648470168189366,ILYA SOROKIN,NYI,#F47D30
16,17,2023-12-09,5.202389330026987,ILYA SOROKIN,NYI,#F47D30
17,18,2023-12-11,6.328795347182979,ILYA SOROKIN,NYI,#F47D30
18,19,2023-12-15,4.988238778326427,ILYA SOROKIN,NYI,#F47D30
19,20,2023-12-19,7.830987413474407,ILYA SOROKIN,NYI,#F47D30
20,21,2023-12-23,8.206787685264562,ILYA SOROKIN,NYI,#F47D30
0,1,2023-10-10,0.052137776535854385,JUUSE SAROS,NSH,#FFB81C
1,2,2023-10-12,3.0000122758353087,JUUSE SAROS,NSH,#FFB81C
2,3,2023-10-14,3.9431138503864593,JUUSE SAROS,NSH,#FFB81C
3,4,2023-10-17,1.1532101628421487,JUUSE SAROS,NSH,#FFB81C
4,5,2023-10-19,2.3737252140510243,JUUSE SAROS,NSH,#FFB81C
5,6,2023-10-21,3.993808262728385,JUUSE SAROS,NSH,#FFB81C
6,7,2023-10-24,3.1551430003260967,JUUSE SAROS,NSH,#FFB81C
7,8,2023-10-28,3.9073615873345333,JUUSE SAROS,NSH,#FFB81C
8,9,2023-11-02,1.9588072876857257,JUUSE SAROS,NSH,#FFB81C
9,10,2023-11-07,2.7823975570867776,JUUSE SAROS,NSH,#FFB81C
10,11,2023-11-09,0.4165776127903027,JUUSE SAROS,NSH,#FFB81C
11,12,2023-11-11,-1.2614097962183553,JUUSE SAROS,NSH,#FFB81C
12,13,2023-11-14,-2.2030142868908507,JUUSE SAROS,NSH,#FFB81C
13,14,2023-11-20,-2.952132444671488,JUUSE SAROS,NSH,#FFB81C
14,15,2023-11-22,-1.9665052001644177,JUUSE SAROS,NSH,#FFB81C
15,16,2023-11-26,-1.0482273695880107,JUUSE SAROS,NSH,#FFB81C
16,17,2023-11-28,0.3521712447249441,JUUSE SAROS,NSH,#FFB81C
17,18,2023-11-30,-2.252696536654469,JUUSE SAROS,NSH,#FFB81C
18,19,2023-12-03,0.6084557957435148,JUUSE SAROS,NSH,#FFB81C
19,20,2023-12-05,0.6998054534735529,JUUSE SAROS,NSH,#FFB81C
20,21,2023-12-07,2.4766629475550777,JUUSE SAROS,NSH,#FFB81C
21,22,2023-12-10,5.3015336808860845,JUUSE SAROS,NSH,#FFB81C
22,23,2023-12-12,6.5844993469428985,JUUSE SAROS,NSH,#FFB81C
23,24,2023-12-16,9.048866619807642,JUUSE SAROS,NSH,#FFB81C
24,25,2023-12-19,7.520534810153943,JUUSE SAROS,NSH,#FFB81C
25,26,2023-12-21,8.741715119005999,JUUSE SAROS,NSH,#FFB81C
26,27,2023-12-23,9.001676582975144,JUUSE SAROS,NSH,#FFB81C
0,1,2023-10-11,1.6110140261546717,ALEXANDAR GEORGIEV,COL,#236192
1,2,2023-10-14,3.5028885518730735,ALEXANDAR GEORGIEV,COL,#236192
2,3,2023-10-17,5.135404151478983,ALEXANDAR GEORGIEV,COL,#236192
3,4,2023-10-19,7.2419396542958685,ALEXANDAR GEORGIEV,COL,#236192
4,5,2023-10-21,6.830262188200988,ALEXANDAR GEORGIEV,COL,#236192
5,6,2023-10-24,5.8429373407493586,ALEXANDAR GEORGIEV,COL,#236192
6,7,2023-10-26,3.4320085582216144,ALEXANDAR GEORGIEV,COL,#236192
7,8,2023-10-29,2.962132797972401,ALEXANDAR GEORGIEV,COL,#236192
8,9,2023-11-04,-1.2858783271072203,ALEXANDAR GEORGIEV,COL,#236192
9,10,2023-11-07,-2.21079179662159,ALEXANDAR GEORGIEV,COL,#236192
10,11,2023-11-11,-6.194989161808893,ALEXANDAR GEORGIEV,COL,#236192
11,12,2023-11-13,-4.389425516603481,ALEXANDAR GEORGIEV,COL,#236192
12,13,2023-11-15,-4.249343486544646,ALEXANDAR GEORGIEV,COL,#236192
13,14,2023-11-18,-4.344720834507774,ALEXANDAR GEORGIEV,COL,#236192
14,15,2023-11-20,-4.621248512632246,ALEXANDAR GEORGIEV,COL,#236192
15,16,2023-11-22,-3.6706785357610077,ALEXANDAR GEORGIEV,COL,#236192
16,17,2023-11-24,-2.8559508009501786,ALEXANDAR GEORGIEV,COL,#236192
17,18,2023-11-27,2.411138888898335,ALEXANDAR GEORGIEV,COL,#236192
18,19,2023-11-30,3.140190664363543,ALEXANDAR GEORGIEV,COL,#236192
19,20,2023-12-03,3.3073324730548146,ALEXANDAR GEORGIEV,COL,#236192
20,21,2023-12-05,4.318116135775052,ALEXANDAR GEORGIEV,COL,#236192
21,22,2023-12-07,3.003013182024387,ALEXANDAR GEORGIEV,COL,#236192
22,23,2023-12-11,0.664861567075445,ALEXANDAR GEORGIEV,COL,#236192
23,24,2023-12-17,1.7528933399587263,ALEXANDAR GEORGIEV,COL,#236192
24,25,2023-12-19,1.2651028387141228,ALEXANDAR GEORGIEV,COL,#236192
25,26,2023-12-21,1.9615550717177372,ALEXANDAR GEORGIEV,COL,#236192
26,27,2023-12-23,3.138518937329529,ALEXANDAR GEORGIEV,COL,#236192
0,1,2023-10-11,1.0805145633939892,THATCHER DEMKO,VAN,#00843D
1,2,2023-10-17,4.490565420804192,THATCHER DEMKO,VAN,#00843D
2,3,2023-10-19,5.058604642409095,THATCHER DEMKO,VAN,#00843D
3,4,2023-10-24,4.521237156024542,THATCHER DEMKO,VAN,#00843D
4,5,2023-10-27,6.147364927299126,THATCHER DEMKO,VAN,#00843D
5,6,2023-10-31,7.964013801835449,THATCHER DEMKO,VAN,#00843D
6,7,2023-11-02,10.643279589577967,THATCHER DEMKO,VAN,#00843D
7,8,2023-11-04,14.366357029604641,THATCHER DEMKO,VAN,#00843D
8,9,2023-11-06,15.981399199162437,THATCHER DEMKO,VAN,#00843D
9,10,2023-11-11,14.423212145281566,THATCHER DEMKO,VAN,#00843D
10,11,2023-11-15,14.300185565557344,THATCHER DEMKO,VAN,#00843D
11,12,2023-11-18,13.004841415582762,THATCHER DEMKO,VAN,#00843D
12,13,2023-11-20,15.48880644411129,THATCHER DEMKO,VAN,#00843D
13,14,2023-11-22,13.468686153586415,THATCHER DEMKO,VAN,#00843D
14,15,2023-11-24,14.883914764008948,THATCHER DEMKO,VAN,#00843D
15,16,2023-11-28,17.264291936206522,THATCHER DEMKO,VAN,#00843D
16,17,2023-11-30,16.147670857466018,THATCHER DEMKO,VAN,#00843D
17,18,2023-12-02,16.500122437403487,THATCHER DEMKO,VAN,#00843D
18,19,2023-12-05,14.45073571307016,THATCHER DEMKO,VAN,#00843D
19,20,2023-12-09,15.156611186155544,THATCHER DEMKO,VAN,#00843D
20,21,2023-12-12,18.587602447840236,THATCHER DEMKO,VAN,#00843D
21,22,2023-12-14,22.110554784521735,THATCHER DEMKO,VAN,#00843D
22,23,2023-12-17,21.649804845803423,THATCHER DEMKO,VAN,#00843D
23,24,2023-12-21,21.24435183044594,THATCHER DEMKO,VAN,#00843D
24,25,2023-12-23,19.845547704014823,THATCHER DEMKO,VAN,#00843D
0,1,2023-10-14,4.308272919794407,MACKENZIE BLACKWOOD,S.J,#006D75
1,2,2023-10-17,2.791464014489203,MACKENZIE BLACKWOOD,S.J,#006D75
2,3,2023-10-21,1.6308917532845508,MACKENZIE BLACKWOOD,S.J,#006D75
3,4,2023-10-24,3.0284884832053804,MACKENZIE BLACKWOOD,S.J,#006D75
4,5,2023-10-26,0.6522309443084704,MACKENZIE BLACKWOOD,S.J,#006D75
5,6,2023-10-29,2.1766050609366756,MACKENZIE BLACKWOOD,S.J,#006D75
6,7,2023-11-02,-0.8105428355032078,MACKENZIE BLACKWOOD,S.J,#006D75
7,8,2023-11-04,-5.263484811704979,MACKENZIE BLACKWOOD,S.J,#006D75
8,9,2023-11-07,-1.9634527054504325,MACKENZIE BLACKWOOD,S.J,#006D75
9,10,2023-11-09,0.6340910221873246,MACKENZIE BLACKWOOD,S.J,#006D75
10,11,2023-11-12,1.234129881295786,MACKENZIE BLACKWOOD,S.J,#006D75
11,12,2023-11-14,0.3442962779401406,MACKENZIE BLACKWOOD,S.J,#006D75
12,13,2023-11-20,1.961030512755198,MACKENZIE BLACKWOOD,S.J,#006D75
13,14,2023-11-22,0.5862258264578151,MACKENZIE BLACKWOOD,S.J,#006D75
14,15,2023-11-24,0.6443899852389234,MACKENZIE BLACKWOOD,S.J,#006D75
15,16,2023-11-27,3.415443357345972,MACKENZIE BLACKWOOD,S.J,#006D75
16,17,2023-11-30,4.0016331040787225,MACKENZIE BLACKWOOD,S.J,#006D75
17,18,2023-12-03,2.1971308927956406,MACKENZIE BLACKWOOD,S.J,#006D75
18,19,2023-12-07,-0.3097600579295916,MACKENZIE BLACKWOOD,S.J,#006D75
19,20,2023-12-12,3.9654820789303917,MACKENZIE BLACKWOOD,S.J,#006D75
20,21,2023-12-17,3.0521460511801575,MACKENZIE BLACKWOOD,S.J,#006D75
21,22,2023-12-21,1.3038167005017258,MACKENZIE BLACKWOOD,S.J,#006D75
22,23,2023-12-23,-2.293562343913628,MACKENZIE BLACKWOOD,S.J,#006D75
0,1,2023-10-11,-2.0814747279261008,CONNOR HELLEBUYCK,WPG,#004C97
1,2,2023-10-14,-2.0592921976931375,CONNOR HELLEBUYCK,WPG,#004C97
2,3,2023-10-17,-4.0856685359438085,CONNOR HELLEBUYCK,WPG,#004C97
3,4,2023-10-21,-2.393996203490865,CONNOR HELLEBUYCK,WPG,#004C97
4,5,2023-10-24,-1.4829867099468692,CONNOR HELLEBUYCK,WPG,#004C97
5,6,2023-10-26,0.8266541045555775,CONNOR HELLEBUYCK,WPG,#004C97
6,7,2023-10-30,0.6412201639679735,CONNOR HELLEBUYCK,WPG,#004C97
7,8,2023-11-02,-1.0097556963867338,CONNOR HELLEBUYCK,WPG,#004C97
8,9,2023-11-04,-1.0091112972160694,CONNOR HELLEBUYCK,WPG,#004C97
9,10,2023-11-07,-1.1037483235546401,CONNOR HELLEBUYCK,WPG,#004C97
10,11,2023-11-11,-1.5348925190188385,CONNOR HELLEBUYCK,WPG,#004C97
11,12,2023-11-14,-0.9331508909613941,CONNOR HELLEBUYCK,WPG,#004C97
12,13,2023-11-17,1.0795429828066296,CONNOR HELLEBUYCK,WPG,#004C97
13,14,2023-11-22,2.21421223870073,CONNOR HELLEBUYCK,WPG,#004C97
14,15,2023-11-24,4.770288235163297,CONNOR HELLEBUYCK,WPG,#004C97
15,16,2023-11-28,4.963365863895028,CONNOR HELLEBUYCK,WPG,#004C97
16,17,2023-11-30,6.416267675220228,CONNOR HELLEBUYCK,WPG,#004C97
17,18,2023-12-02,7.685087476865272,CONNOR HELLEBUYCK,WPG,#004C97
18,19,2023-12-07,9.170813579093002,CONNOR HELLEBUYCK,WPG,#004C97
19,20,2023-12-10,9.471033454990392,CONNOR HELLEBUYCK,WPG,#004C97
20,21,2023-12-13,11.482411062066754,CONNOR HELLEBUYCK,WPG,#004C97
21,22,2023-12-16,12.3537580049697,CONNOR HELLEBUYCK,WPG,#004C97
22,23,2023-12-18,11.842777228277384,CONNOR HELLEBUYCK,WPG,#004C97
23,24,2023-12-22,14.394575329363862,CONNOR HELLEBUYCK,WPG,#004C97
0,1,2023-10-12,0.9346499401364712,ELVIS MERZLIKINS,CBJ,#002654
1,2,2023-10-14,2.868839426796073,ELVIS MERZLIKINS,CBJ,#002654
2,3,2023-10-21,1.1344418259124684,ELVIS MERZLIKINS,CBJ,#002654
3,4,2023-10-24,0.3053280647571013,ELVIS MERZLIKINS,CBJ,#002654
4,5,2023-10-26,0.8366217621535768,ELVIS MERZLIKINS,CBJ,#002654
5,6,2023-10-30,1.729879206466034,ELVIS MERZLIKINS,CBJ,#002654
6,7,2023-11-02,2.5773925910943407,ELVIS MERZLIKINS,CBJ,#002654
7,8,2023-11-04,4.215836290715368,ELVIS MERZLIKINS,CBJ,#002654
8,9,2023-11-06,2.4676489689456593,ELVIS MERZLIKINS,CBJ,#002654
9,10,2023-11-12,3.5074135435777682,ELVIS MERZLIKINS,CBJ,#002654
10,11,2023-11-14,2.880495072122819,ELVIS MERZLIKINS,CBJ,#002654
11,12,2023-11-16,3.2739444189603435,ELVIS MERZLIKINS,CBJ,#002654
12,13,2023-11-18,1.1026031542098358,ELVIS MERZLIKINS,CBJ,#002654
13,14,2023-11-22,1.697710770656188,ELVIS MERZLIKINS,CBJ,#002654
14,15,2023-11-24,2.9514709760082307,ELVIS MERZLIKINS,CBJ,#002654
15,16,2023-11-26,3.6563259544123077,ELVIS MERZLIKINS,CBJ,#002654
16,17,2023-11-29,3.890133665846128,ELVIS MERZLIKINS,CBJ,#002654
17,18,2023-12-01,6.3133649222195825,ELVIS MERZLIKINS,CBJ,#002654
18,19,2023-12-05,7.345421786420127,ELVIS MERZLIKINS,CBJ,#002654
19,20,2023-12-14,7.8884645825556055,ELVIS MERZLIKINS,CBJ,#002654
20,21,2023-12-21,8.794571298292407,ELVIS MERZLIKINS,CBJ,#002654
0,1,2023-10-12,-0.33071623806499195,SERGEI BOBROVSKY,FLA,#B9975B
1,2,2023-10-14,-2.2742461312968243,SERGEI BOBROVSKY,FLA,#B9975B
2,3,2023-10-16,-1.7827193776560222,SERGEI BOBROVSKY,FLA,#B9975B
3,4,2023-10-19,0.2545528865277955,SERGEI BOBROVSKY,FLA,#B9975B
4,5,2023-10-21,-0.6735464277569618,SERGEI BOBROVSKY,FLA,#B9975B
5,6,2023-10-28,-0.15244109053286303,SERGEI BOBROVSKY,FLA,#B9975B
6,7,2023-10-30,-0.8291960838785823,SERGEI BOBROVSKY,FLA,#B9975B
7,8,2023-11-02,1.3675805914936365,SERGEI BOBROVSKY,FLA,#B9975B
8,9,2023-11-06,0.09814029897665133,SERGEI BOBROVSKY,FLA,#B9975B
9,10,2023-11-08,0.43207332090390826,SERGEI BOBROVSKY,FLA,#B9975B
10,11,2023-11-10,1.0337327368222229,SERGEI BOBROVSKY,FLA,#B9975B
11,12,2023-11-12,-0.2368928124319556,SERGEI BOBROVSKY,FLA,#B9975B
12,13,2023-11-16,-0.21128531422998398,SERGEI BOBROVSKY,FLA,#B9975B
13,14,2023-11-20,0.5992587226487269,SERGEI BOBROVSKY,FLA,#B9975B
14,15,2023-11-22,0.41574530155264755,SERGEI BOBROVSKY,FLA,#B9975B
15,16,2023-11-24,1.0813638953118732,SERGEI BOBROVSKY,FLA,#B9975B
16,17,2023-11-27,2.6446799897893056,SERGEI BOBROVSKY,FLA,#B9975B
17,18,2023-11-30,4.804377948424466,SERGEI BOBROVSKY,FLA,#B9975B
18,19,2023-12-06,5.059661014005887,SERGEI BOBROVSKY,FLA,#B9975B
19,20,2023-12-08,7.03839812789777,SERGEI BOBROVSKY,FLA,#B9975B
20,21,2023-12-12,6.100774752567878,SERGEI BOBROVSKY,FLA,#B9975B
21,22,2023-12-14,5.914998685295059,SERGEI BOBROVSKY,FLA,#B9975B
22,23,2023-12-16,7.566249737148686,SERGEI BOBROVSKY,FLA,#B9975B
23,24,2023-12-21,6.283932821732762,SERGEI BOBROVSKY,FLA,#B9975B
24,25,2023-12-23,7.147141557365206,SERGEI BOBROVSKY,FLA,#B9975B
0,1,2023-10-10,1.434511918489405,TRISTAN JARRY,PIT,#FCB514
1,2,2023-10-13,3.3161258642286278,TRISTAN JARRY,PIT,#FCB514
2,3,2023-10-18,1.5334530293887787,TRISTAN JARRY,PIT,#FCB514
3,4,2023-10-21,0.904562178094467,TRISTAN JARRY,PIT,#FCB514
4,5,2023-10-26,3.8117484529055323,TRISTAN JARRY,PIT,#FCB514
5,6,2023-10-28,1.8816521452851587,TRISTAN JARRY,PIT,#FCB514
6,7,2023-10-30,0.43179123685093335,TRISTAN JARRY,PIT,#FCB514
7,8,2023-11-04,1.457091912044589,TRISTAN JARRY,PIT,#FCB514
8,9,2023-11-07,3.139480620357798,TRISTAN JARRY,PIT,#FCB514
9,10,2023-11-11,5.831268774938915,TRISTAN JARRY,PIT,#FCB514
10,11,2023-11-14,6.649376619274004,TRISTAN JARRY,PIT,#FCB514
11,12,2023-11-16,4.3740630512650815,TRISTAN JARRY,PIT,#FCB514
12,13,2023-11-18,4.439706590849848,TRISTAN JARRY,PIT,#FCB514
13,14,2023-11-22,6.4506608193856,TRISTAN JARRY,PIT,#FCB514
14,15,2023-11-25,9.64166164465535,TRISTAN JARRY,PIT,#FCB514
15,16,2023-11-28,8.603148604511082,TRISTAN JARRY,PIT,#FCB514
16,17,2023-11-30,10.709470252568735,TRISTAN JARRY,PIT,#FCB514
17,18,2023-12-02,11.272473022761266,TRISTAN JARRY,PIT,#FCB514
18,19,2023-12-06,11.460507500105543,TRISTAN JARRY,PIT,#FCB514
19,20,2023-12-08,14.193395469021699,TRISTAN JARRY,PIT,#FCB514
20,21,2023-12-12,14.730469477202686,TRISTAN JARRY,PIT,#FCB514
21,22,2023-12-16,12.76162892807432,TRISTAN JARRY,PIT,#FCB514
0,1,2023-10-10,1.7859847553171,PETR MRAZEK,CHI,#CF0A2C
1,2,2023-10-14,1.7545994833475378,PETR MRAZEK,CHI,#CF0A2C
2,3,2023-10-19,2.0978712453713007,PETR MRAZEK,CHI,#CF0A2C
3,4,2023-10-24,1.6531630472271406,PETR MRAZEK,CHI,#CF0A2C
4,5,2023-10-27,1.0494961016303606,PETR MRAZEK,CHI,#CF0A2C
5,6,2023-10-30,2.1149941405709622,PETR MRAZEK,CHI,#CF0A2C
6,7,2023-11-04,3.750440033590382,PETR MRAZEK,CHI,#CF0A2C
7,8,2023-11-09,4.347509013421943,PETR MRAZEK,CHI,#CF0A2C
8,9,2023-11-16,5.42820457113292,PETR MRAZEK,CHI,#CF0A2C
9,10,2023-11-19,4.2103866413117075,PETR MRAZEK,CHI,#CF0A2C
10,11,2023-11-22,0.8016922142058567,PETR MRAZEK,CHI,#CF0A2C
11,12,2023-11-28,0.659954578039839,PETR MRAZEK,CHI,#CF0A2C
12,13,2023-11-30,-0.16403940385418014,PETR MRAZEK,CHI,#CF0A2C
13,14,2023-12-03,-1.6271433835218136,PETR MRAZEK,CHI,#CF0A2C
14,15,2023-12-07,1.2217044762608915,PETR MRAZEK,CHI,#CF0A2C
15,16,2023-12-09,4.486389029475392,PETR MRAZEK,CHI,#CF0A2C
16,17,2023-12-12,4.223165920233857,PETR MRAZEK,CHI,#CF0A2C
17,18,2023-12-14,4.469453153741746,PETR MRAZEK,CHI,#CF0A2C
18,19,2023-12-17,3.0712740577923543,PETR MRAZEK,CHI,#CF0A2C
19,20,2023-12-19,4.755846396202808,PETR MRAZEK,CHI,#CF0A2C
20,21,2023-12-22,3.7574901921402,PETR MRAZEK,CHI,#CF0A2C
0,1,2023-10-16,0.7063165564468425,CONNOR INGRAM,ARI,#8C2633
1,2,2023-10-19,0.48967380383076176,CONNOR INGRAM,ARI,#8C2633
2,3,2023-10-24,-1.086387730647923,CONNOR INGRAM,ARI,#8C2633
3,4,2023-10-30,-0.2240598868019612,CONNOR INGRAM,ARI,#8C2633
4,5,2023-11-02,0.7544270032306839,CONNOR INGRAM,ARI,#8C2633
5,6,2023-11-07,2.035765061979843,CONNOR INGRAM,ARI,#8C2633
6,7,2023-11-11,3.247007537736736,CONNOR INGRAM,ARI,#8C2633
7,8,2023-11-16,5.839905108679736,CONNOR INGRAM,ARI,#8C2633
8,9,2023-11-20,4.685799029944279,CONNOR INGRAM,ARI,#8C2633
9,10,2023-11-22,4.7516150114169395,CONNOR INGRAM,ARI,#8C2633
10,11,2023-11-25,7.588192354910424,CONNOR INGRAM,ARI,#8C2633
11,12,2023-11-28,10.576447804150101,CONNOR INGRAM,ARI,#8C2633
12,13,2023-11-30,10.496666609642645,CONNOR INGRAM,ARI,#8C2633
13,14,2023-12-02,12.872345750691837,CONNOR INGRAM,ARI,#8C2633
14,15,2023-12-04,15.571624945211614,CONNOR INGRAM,ARI,#8C2633
15,16,2023-12-07,13.887849400467537,CONNOR INGRAM,ARI,#8C2633
16,17,2023-12-09,13.588301777228349,CONNOR INGRAM,ARI,#8C2633
17,18,2023-12-12,14.649632779318871,CONNOR INGRAM,ARI,#8C2633
18,19,2023-12-15,17.0701820691748,CONNOR INGRAM,ARI,#8C2633
19,20,2023-12-19,14.428069961318688,CONNOR INGRAM,ARI,#8C2633
20,21,2023-12-23,12.220528459562804,CONNOR INGRAM,ARI,#8C2633
0,1,2023-10-11,-0.3402347867187627,CAM TALBOT,L.A,#572A84
1,2,2023-10-17,1.61168917808101,CAM TALBOT,L.A,#572A84
2,3,2023-10-19,1.0966648860871953,CAM TALBOT,L.A,#572A84
3,4,2023-10-21,-1.3447295147271396,CAM TALBOT,L.A,#572A84
4,5,2023-10-27,-0.5364550121996494,CAM TALBOT,L.A,#572A84
5,6,2023-10-28,0.5008970464624483,CAM TALBOT,L.A,#572A84
6,7,2023-10-31,2.070983416605514,CAM TALBOT,L.A,#572A84
7,8,2023-11-02,2.073623139289236,CAM TALBOT,L.A,#572A84
8,9,2023-11-04,4.172632062224356,CAM TALBOT,L.A,#572A84
9,10,2023-11-08,5.582039138964001,CAM TALBOT,L.A,#572A84
10,11,2023-11-11,4.411628995633496,CAM TALBOT,L.A,#572A84
11,12,2023-11-16,6.199404729289212,CAM TALBOT,L.A,#572A84
12,13,2023-11-18,9.05616222806546,CAM TALBOT,L.A,#572A84
13,14,2023-11-24,8.903552054473398,CAM TALBOT,L.A,#572A84
14,15,2023-11-29,9.210347845010403,CAM TALBOT,L.A,#572A84
15,16,2023-12-03,9.797962927494947,CAM TALBOT,L.A,#572A84
16,17,2023-12-07,12.428133886101312,CAM TALBOT,L.A,#572A84
17,18,2023-12-09,13.196302849979064,CAM TALBOT,L.A,#572A84
18,19,2023-12-13,11.533442466086306,CAM TALBOT,L.A,#572A84
19,20,2023-12-16,12.542542813555759,CAM TALBOT,L.A,#572A84
20,21,2023-12-20,13.441703073129947,CAM TALBOT,L.A,#572A84
21,22,2023-12-23,13.615814966494238,CAM TALBOT,L.A,#572A84
0,1,2023-10-12,1.1860325751000431,IGOR SHESTERKIN,NYR,#0038A8
1,2,2023-10-14,-0.9113090491061753,IGOR SHESTERKIN,NYR,#0038A8
2,3,2023-10-16,0.9249528808511918,IGOR SHESTERKIN,NYR,#0038A8
3,4,2023-10-19,-0.4669054372109449,IGOR SHESTERKIN,NYR,#0038A8
4,5,2023-10-24,1.0686272951326234,IGOR SHESTERKIN,NYR,#0038A8
5,6,2023-10-28,1.6425061587928194,IGOR SHESTERKIN,NYR,#0038A8
6,7,2023-10-30,2.0122096491486654,IGOR SHESTERKIN,NYR,#0038A8
7,8,2023-11-02,4.303378462936253,IGOR SHESTERKIN,NYR,#0038A8
8,9,2023-11-18,5.14924755122653,IGOR SHESTERKIN,NYR,#0038A8
9,10,2023-11-20,5.004593418965685,IGOR SHESTERKIN,NYR,#0038A8
10,11,2023-11-24,7.007403304622668,IGOR SHESTERKIN,NYR,#0038A8
11,12,2023-11-27,5.784519685471797,IGOR SHESTERKIN,NYR,#0038A8
12,13,2023-11-29,6.511555125148812,IGOR SHESTERKIN,NYR,#0038A8
13,14,2023-12-02,8.612072333472405,IGOR SHESTERKIN,NYR,#0038A8
14,15,2023-12-05,7.190070803996141,IGOR SHESTERKIN,NYR,#0038A8
15,16,2023-12-09,6.016676546072884,IGOR SHESTERKIN,NYR,#0038A8
16,17,2023-12-12,3.937610811845378,IGOR SHESTERKIN,NYR,#0038A8
17,18,2023-12-16,5.080376871189243,IGOR SHESTERKIN,NYR,#0038A8
18,19,2023-12-19,5.47103601615229,IGOR SHESTERKIN,NYR,#0038A8
19,20,2023-12-23,6.175177433412605,IGOR SHESTERKIN,NYR,#0038A8
0,1,2023-10-14,1.2860820633003058,JOEY DACCORD,SEA,#99D9D9
1,2,2023-10-19,0.11269372012021517,JOEY DACCORD,SEA,#99D9D9
2,3,2023-10-24,-0.4394695407284641,JOEY DACCORD,SEA,#99D9D9
3,4,2023-10-26,0.19172000078744889,JOEY DACCORD,SEA,#99D9D9
4,5,2023-10-28,-0.2364462747509566,JOEY DACCORD,SEA,#99D9D9
5,6,2023-11-07,-0.4418311772289676,JOEY DACCORD,SEA,#99D9D9
6,7,2023-11-11,0.31548938655392733,JOEY DACCORD,SEA,#99D9D9
7,8,2023-11-13,-1.417811897548031,JOEY DACCORD,SEA,#99D9D9
8,9,2023-11-15,-1.227222380110205,JOEY DACCORD,SEA,#99D9D9
9,10,2023-11-20,-1.183731846597122,JOEY DACCORD,SEA,#99D9D9
10,11,2023-11-22,-1.5376822580831444,JOEY DACCORD,SEA,#99D9D9
11,12,2023-11-24,-2.7913965152756757,JOEY DACCORD,SEA,#99D9D9
12,13,2023-12-02,-1.7774006747851216,JOEY DACCORD,SEA,#99D9D9
13,14,2023-12-09,-3.1982864559901465,JOEY DACCORD,SEA,#99D9D9
14,15,2023-12-10,-2.9116034030900737,JOEY DACCORD,SEA,#99D9D9
15,16,2023-12-12,-0.7736609561124528,JOEY DACCORD,SEA,#99D9D9
16,17,2023-12-14,-0.5350967764487908,JOEY DACCORD,SEA,#99D9D9
17,18,2023-12-16,0.47331275725168087,JOEY DACCORD,SEA,#99D9D9
18,19,2023-12-18,-1.321495702026367,JOEY DACCORD,SEA,#99D9D9
19,20,2023-12-20,0.734381024386904,JOEY DACCORD,SEA,#99D9D9
20,21,2023-12-23,2.5239823071868566,JOEY DACCORD,SEA,#99D9D9
0,1,2023-10-14,0.19129343402597598,JOHN GIBSON,ANA,#F47A38
1,2,2023-10-19,0.25436456440103505,JOHN GIBSON,ANA,#F47A38
2,3,2023-10-22,0.9801362054675833,JOHN GIBSON,ANA,#F47A38
3,4,2023-10-26,0.9273410977312619,JOHN GIBSON,ANA,#F47A38
4,5,2023-10-30,0.9145736184084611,JOHN GIBSON,ANA,#F47A38
5,6,2023-11-05,3.1570522611991345,JOHN GIBSON,ANA,#F47A38
6,7,2023-11-07,4.871743345000874,JOHN GIBSON,ANA,#F47A38
7,8,2023-11-12,6.134486197770382,JOHN GIBSON,ANA,#F47A38
8,9,2023-11-14,7.223505092563311,JOHN GIBSON,ANA,#F47A38
9,10,2023-11-17,9.297296510569726,JOHN GIBSON,ANA,#F47A38
10,11,2023-11-19,9.940601268693152,JOHN GIBSON,ANA,#F47A38
11,12,2023-11-22,8.93145690574391,JOHN GIBSON,ANA,#F47A38
12,13,2023-11-24,7.064211662279961,JOHN GIBSON,ANA,#F47A38
13,14,2023-11-26,6.728140753825738,JOHN GIBSON,ANA,#F47A38
14,15,2023-11-28,8.238450345223526,JOHN GIBSON,ANA,#F47A38
15,16,2023-11-30,6.635280592210753,JOHN GIBSON,ANA,#F47A38
16,17,2023-12-02,7.649412385545313,JOHN GIBSON,ANA,#F47A38
17,18,2023-12-05,8.160936833520738,JOHN GIBSON,ANA,#F47A38
18,19,2023-12-10,8.012066923849828,JOHN GIBSON,ANA,#F47A38
19,20,2023-12-13,7.177931074051365,JOHN GIBSON,ANA,#F47A38
20,21,2023-12-17,9.275791464538669,JOHN GIBSON,ANA,#F47A38
0,1,2023-10-12,1.167255051065108,JAKE OETTINGER,DAL,#006847
1,2,2023-10-17,1.8950350678051855,JAKE OETTINGER,DAL,#006847
2,3,2023-10-19,2.7572517655296824,JAKE OETTINGER,DAL,#006847
3,4,2023-10-24,6.137310117312701,JAKE OETTINGER,DAL,#006847
4,5,2023-10-30,5.375964603407434,JAKE OETTINGER,DAL,#006847
5,6,2023-11-01,6.819917414510493,JAKE OETTINGER,DAL,#006847
6,7,2023-11-04,7.6821115337668875,JAKE OETTINGER,DAL,#006847
7,8,2023-11-06,7.226497704165627,JAKE OETTINGER,DAL,#006847
8,9,2023-11-09,7.5659483092537405,JAKE OETTINGER,DAL,#006847
9,10,2023-11-12,7.028087347311617,JAKE OETTINGER,DAL,#006847
10,11,2023-11-14,6.349201191317251,JAKE OETTINGER,DAL,#006847
11,12,2023-11-18,4.68391352229721,JAKE OETTINGER,DAL,#006847
12,13,2023-11-22,4.963260374480767,JAKE OETTINGER,DAL,#006847
13,14,2023-11-24,1.5839813818714479,JAKE OETTINGER,DAL,#006847
14,15,2023-11-28,4.210387974599732,JAKE OETTINGER,DAL,#006847
15,16,2023-12-02,6.64002273503246,JAKE OETTINGER,DAL,#006847
16,17,2023-12-04,5.851488487382038,JAKE OETTINGER,DAL,#006847
17,18,2023-12-06,4.1534465095930475,JAKE OETTINGER,DAL,#006847
18,19,2023-12-09,0.953339519144158,JAKE OETTINGER,DAL,#006847
19,20,2023-12-11,1.971924006652007,JAKE OETTINGER,DAL,#006847
20,21,2023-12-15,0.14437556800797546,JAKE OETTINGER,DAL,#006847
0,1,2023-10-12,3.2485692623949194,FILIP GUSTAVSSON,MIN,#154734
1,2,2023-10-14,0.10579736082034286,FILIP GUSTAVSSON,MIN,#154734
2,3,2023-10-21,0.2842698515930473,FILIP GUSTAVSSON,MIN,#154734
3,4,2023-10-24,-1.1773563399016451,FILIP GUSTAVSSON,MIN,#154734
4,5,2023-10-26,-3.9207913138783077,FILIP GUSTAVSSON,MIN,#154734
5,6,2023-11-02,-5.3951973634813495,FILIP GUSTAVSSON,MIN,#154734
6,7,2023-11-04,-7.996828185990217,FILIP GUSTAVSSON,MIN,#154734
7,8,2023-11-10,-8.955439196607788,FILIP GUSTAVSSON,MIN,#154734
8,9,2023-11-18,-8.23156691090751,FILIP GUSTAVSSON,MIN,#154734
9,10,2023-11-24,-8.32517077283083,FILIP GUSTAVSSON,MIN,#154734
10,11,2023-11-26,-9.131393267756282,FILIP GUSTAVSSON,MIN,#154734
11,12,2023-11-28,-6.942626748031468,FILIP GUSTAVSSON,MIN,#154734
12,13,2023-11-30,-5.906781146063993,FILIP GUSTAVSSON,MIN,#154734
13,14,2023-12-05,-5.289477118517265,FILIP GUSTAVSSON,MIN,#154734
14,15,2023-12-07,-4.542024188027396,FILIP GUSTAVSSON,MIN,#154734
15,16,2023-12-10,-1.4378670001333385,FILIP GUSTAVSSON,MIN,#154734
16,17,2023-12-14,0.4124060144137154,FILIP GUSTAVSSON,MIN,#154734
17,18,2023-12-16,2.105356364123374,FILIP GUSTAVSSON,MIN,#154734
18,19,2023-12-18,2.2025259281338125,FILIP GUSTAVSSON,MIN,#154734
19,20,2023-12-21,0.8307109983903416,FILIP GUSTAVSSON,MIN,#154734
0,1,2023-10-12,0.5333475922661899,VILLE HUSSO,DET,#CE1126
1,2,2023-10-14,-0.8592133452112773,VILLE HUSSO,DET,#CE1126
2,3,2023-10-18,0.19629659570247204,VILLE HUSSO,DET,#CE1126
3,4,2023-10-21,1.7496258643734124,VILLE HUSSO,DET,#CE1126
4,5,2023-10-24,1.9160301835107147,VILLE HUSSO,DET,#CE1126
5,6,2023-10-28,3.4936996145134995,VILLE HUSSO,DET,#CE1126
6,7,2023-10-30,5.7087178551339655,VILLE HUSSO,DET,#CE1126
7,8,2023-11-04,3.7101062252228654,VILLE HUSSO,DET,#CE1126
8,9,2023-11-07,2.320002710830202,VILLE HUSSO,DET,#CE1126
9,10,2023-11-11,0.7182632562749252,VILLE HUSSO,DET,#CE1126
10,11,2023-11-24,2.0255592726085587,VILLE HUSSO,DET,#CE1126
11,12,2023-11-29,4.106010473890686,VILLE HUSSO,DET,#CE1126
12,13,2023-12-02,2.7366654079416444,VILLE HUSSO,DET,#CE1126
13,14,2023-12-07,1.0574558404704453,VILLE HUSSO,DET,#CE1126
14,15,2023-12-12,0.40368042497169077,VILLE HUSSO,DET,#CE1126
15,16,2023-12-14,2.3747426056151917,VILLE HUSSO,DET,#CE1126
16,17,2023-12-16,3.7309191401054704,VILLE HUSSO,DET,#CE1126
17,18,2023-12-18,2.444823383984671,VILLE HUSSO,DET,#CE1126
0,1,2023-10-10,2.186242220940846,JONAS JOHANSSON,T.B,#002868
1,2,2023-10-14,1.4730806441435238,JONAS JOHANSSON,T.B,#002868
2,3,2023-10-17,0.7961854476783627,JONAS JOHANSSON,T.B,#002868
3,4,2023-10-19,0.07639379359375909,JONAS JOHANSSON,T.B,#002868
4,5,2023-10-21,1.2965866902374037,JONAS JOHANSSON,T.B,#002868
5,6,2023-10-24,4.18041402320853,JONAS JOHANSSON,T.B,#002868
6,7,2023-10-26,5.72904183141435,JONAS JOHANSSON,T.B,#002868
7,8,2023-10-30,6.091890161729488,JONAS JOHANSSON,T.B,#002868
8,9,2023-11-04,5.199142377280866,JONAS JOHANSSON,T.B,#002868
9,10,2023-11-06,2.122286438379624,JONAS JOHANSSON,T.B,#002868
10,11,2023-11-09,0.17346942716132663,JONAS JOHANSSON,T.B,#002868
11,12,2023-11-11,-0.8431668261895511,JONAS JOHANSSON,T.B,#002868
12,13,2023-11-14,-2.6926258219133143,JONAS JOHANSSON,T.B,#002868
13,14,2023-11-16,-1.6643490406424628,JONAS JOHANSSON,T.B,#002868
14,15,2023-11-18,-1.1097963727364069,JONAS JOHANSSON,T.B,#002868
15,16,2023-11-20,-3.1919220725079254,JONAS JOHANSSON,T.B,#002868
16,17,2023-11-22,-4.0764326321655835,JONAS JOHANSSON,T.B,#002868
17,18,2023-11-28,-4.5622741293869815,JONAS JOHANSSON,T.B,#002868
18,19,2023-12-02,-5.696004595073385,JONAS JOHANSSON,T.B,#002868
19,20,2023-12-07,-6.84776067788437,JONAS JOHANSSON,T.B,#002868
0,1,2023-10-11,-2.577021040751542,STUART SKINNER,EDM,#FF4C00
1,2,2023-10-14,-4.456147385299634,STUART SKINNER,EDM,#FF4C00
2,3,2023-10-21,-4.820244353237269,STUART SKINNER,EDM,#FF4C00
3,4,2023-10-26,-5.201228322661843,STUART SKINNER,EDM,#FF4C00
4,5,2023-10-29,-4.3465919982798,STUART SKINNER,EDM,#FF4C00
5,6,2023-11-02,-5.908290962334739,STUART SKINNER,EDM,#FF4C00
6,7,2023-11-06,-7.946028189839699,STUART SKINNER,EDM,#FF4C00
7,8,2023-11-09,-8.97497559822949,STUART SKINNER,EDM,#FF4C00
8,9,2023-11-11,-8.488306722244387,STUART SKINNER,EDM,#FF4C00
9,10,2023-11-13,-6.717113832603592,STUART SKINNER,EDM,#FF4C00
10,11,2023-11-15,-4.312793051957008,STUART SKINNER,EDM,#FF4C00
11,12,2023-11-18,-6.763739256666002,STUART SKINNER,EDM,#FF4C00
12,13,2023-11-22,-9.417325696205426,STUART SKINNER,EDM,#FF4C00
13,14,2023-11-24,-7.341572192909606,STUART SKINNER,EDM,#FF4C00
14,15,2023-11-26,-8.062837678033857,STUART SKINNER,EDM,#FF4C00
15,16,2023-11-28,-9.647133619351731,STUART SKINNER,EDM,#FF4C00
16,17,2023-11-30,-7.705388868907676,STUART SKINNER,EDM,#FF4C00
17,18,2023-12-06,-5.215501985767784,STUART SKINNER,EDM,#FF4C00
18,19,2023-12-08,-5.878198017637677,STUART SKINNER,EDM,#FF4C00
19,20,2023-12-12,-5.364541119379765,STUART SKINNER,EDM,#FF4C00
20,21,2023-12-14,-8.075024329468606,STUART SKINNER,EDM,#FF4C00
21,22,2023-12-19,-8.41364147860164,STUART SKINNER,EDM,#FF4C00
22,23,2023-12-22,-8.068432468994088,STUART SKINNER,EDM,#FF4C00
0,1,2023-10-11,-1.106641763369324,JOONAS KORPISALO,OTT,#B79257
1,2,2023-10-15,-1.230944177639905,JOONAS KORPISALO,OTT,#B79257
2,3,2023-10-21,-3.262604420564907,JOONAS KORPISALO,OTT,#B79257
3,4,2023-10-24,-2.788194706505922,JOONAS KORPISALO,OTT,#B79257
4,5,2023-10-26,-2.8523094241939813,JOONAS KORPISALO,OTT,#B79257
5,6,2023-10-28,-0.8515037585724778,JOONAS KORPISALO,OTT,#B79257
6,7,2023-11-02,0.5842874254340193,JOONAS KORPISALO,OTT,#B79257
7,8,2023-11-04,-0.21106855270411407,JOONAS KORPISALO,OTT,#B79257
8,9,2023-11-08,-0.7606600987942609,JOONAS KORPISALO,OTT,#B79257
9,10,2023-11-11,1.329754158622686,JOONAS KORPISALO,OTT,#B79257
10,11,2023-11-16,0.6642623760543471,JOONAS KORPISALO,OTT,#B79257
11,12,2023-11-27,-1.362710398277779,JOONAS KORPISALO,OTT,#B79257
12,13,2023-12-01,-3.9626358345786827,JOONAS KORPISALO,OTT,#B79257
13,14,2023-12-09,-1.4942108497324886,JOONAS KORPISALO,OTT,#B79257
14,15,2023-12-12,-2.8288567712050425,JOONAS KORPISALO,OTT,#B79257
15,16,2023-12-14,-3.66466239190353,JOONAS KORPISALO,OTT,#B79257
16,17,2023-12-17,-6.908822220094812,JOONAS KORPISALO,OTT,#B79257
17,18,2023-12-19,-7.105482314610927,JOONAS KORPISALO,OTT,#B79257
18,19,2023-12-21,-8.725720499508832,JOONAS KORPISALO,OTT,#B79257
0,1,2023-10-11,2.1830779022921405,JACOB MARKSTROM,CGY, #D2001C
1,2,2023-10-14,1.5782628520062474,JACOB MARKSTROM,CGY, #D2001C
2,3,2023-10-16,3.2418338946990968,JACOB MARKSTROM,CGY, #D2001C
3,4,2023-10-20,4.09869171947976,JACOB MARKSTROM,CGY, #D2001C
4,5,2023-10-24,3.4996337859318225,JACOB MARKSTROM,CGY, #D2001C
5,6,2023-10-26,4.863878128900593,JACOB MARKSTROM,CGY, #D2001C
6,7,2023-10-29,4.9112035618549434,JACOB MARKSTROM,CGY, #D2001C
7,8,2023-11-01,4.813878053256194,JACOB MARKSTROM,CGY, #D2001C
8,9,2023-11-07,4.7364812158987135,JACOB MARKSTROM,CGY, #D2001C
9,10,2023-11-14,7.669993564490451,JACOB MARKSTROM,CGY, #D2001C
10,11,2023-11-16,7.5461688438805385,JACOB MARKSTROM,CGY, #D2001C
11,12,2023-11-18,7.667044217206362,JACOB MARKSTROM,CGY, #D2001C
12,13,2023-11-22,7.881234462608742,JACOB MARKSTROM,CGY, #D2001C
13,14,2023-11-24,7.118931741410301,JACOB MARKSTROM,CGY, #D2001C
14,15,2023-11-30,7.751317949806938,JACOB MARKSTROM,CGY, #D2001C
15,16,2023-12-02,7.794024959146659,JACOB MARKSTROM,CGY, #D2001C
16,17,2023-12-18,10.58101157034679,JACOB MARKSTROM,CGY, #D2001C
17,18,2023-12-21,12.194943491247626,JACOB MARKSTROM,CGY, #D2001C
18,19,2023-12-23,12.631305469231004,JACOB MARKSTROM,CGY, #D2001C
0,1,2023-10-11,0.8856278539634272,LINUS ULLMARK,BOS,#FFB81C
1,2,2023-10-19,2.2536662221521278,LINUS ULLMARK,BOS,#FFB81C
2,3,2023-10-22,4.8688451385446685,LINUS ULLMARK,BOS,#FFB81C
3,4,2023-10-26,4.105831439928037,LINUS ULLMARK,BOS,#FFB81C
4,5,2023-10-30,5.1810474994709175,LINUS ULLMARK,BOS,#FFB81C
5,6,2023-11-04,3.4344801407853955,LINUS ULLMARK,BOS,#FFB81C
6,7,2023-11-09,4.306731360654895,LINUS ULLMARK,BOS,#FFB81C
7,8,2023-11-14,5.035835909566552,LINUS ULLMARK,BOS,#FFB81C
8,9,2023-11-22,7.817971536321187,LINUS ULLMARK,BOS,#FFB81C
9,10,2023-11-25,5.036654290962996,LINUS ULLMARK,BOS,#FFB81C
10,11,2023-11-27,4.518639723612469,LINUS ULLMARK,BOS,#FFB81C
11,12,2023-12-02,5.568301296627084,LINUS ULLMARK,BOS,#FFB81C
12,13,2023-12-07,5.445059502296294,LINUS ULLMARK,BOS,#FFB81C
13,14,2023-12-09,6.664867444996206,LINUS ULLMARK,BOS,#FFB81C
14,15,2023-12-15,8.470870052895059,LINUS ULLMARK,BOS,#FFB81C
15,16,2023-12-19,7.836713533282495,LINUS ULLMARK,BOS,#FFB81C
16,17,2023-12-23,9.854667246486441,LINUS ULLMARK,BOS,#FFB81C
0,1,2023-10-12,-0.13562120890786078,VITEK VANECEK,N.J,#CE1126
1,2,2023-10-16,-1.6131010277777156,VITEK VANECEK,N.J,#CE1126
2,3,2023-10-24,-0.8527539714397898,VITEK VANECEK,N.J,#CE1126
3,4,2023-10-25,-1.4742863751623363,VITEK VANECEK,N.J,#CE1126
4,5,2023-10-27,-2.5048795453005335,VITEK VANECEK,N.J,#CE1126
5,6,2023-10-29,-1.3730386437458781,VITEK VANECEK,N.J,#CE1126
6,7,2023-11-02,-2.015139925321746,VITEK VANECEK,N.J,#CE1126
7,8,2023-11-05,-1.393296944545845,VITEK VANECEK,N.J,#CE1126
8,9,2023-11-07,-1.9150188471769582,VITEK VANECEK,N.J,#CE1126
9,10,2023-11-10,-3.632325400790741,VITEK VANECEK,N.J,#CE1126
10,11,2023-11-16,-3.0910031795727404,VITEK VANECEK,N.J,#CE1126
11,12,2023-11-18,-4.1888066292864865,VITEK VANECEK,N.J,#CE1126
12,13,2023-11-22,-5.948560324376604,VITEK VANECEK,N.J,#CE1126
13,14,2023-11-25,-6.691830172144996,VITEK VANECEK,N.J,#CE1126
14,15,2023-11-28,-7.4734446120899385,VITEK VANECEK,N.J,#CE1126
15,16,2023-12-05,-8.734114462412986,VITEK VANECEK,N.J,#CE1126
16,17,2023-12-09,-8.292012543744516,VITEK VANECEK,N.J,#CE1126
17,18,2023-12-13,-6.521783607070475,VITEK VANECEK,N.J,#CE1126
18,19,2023-12-19,-7.0730527017218865,VITEK VANECEK,N.J,#CE1126
19,20,2023-12-21,-8.272949717743684,VITEK VANECEK,N.J,#CE1126
20,21,2023-12-23,-7.857289674671774,VITEK VANECEK,N.J,#CE1126
0,1,2023-10-12,1.7289829285660483,LOGAN THOMPSON,VGK,#B4975A
1,2,2023-10-19,2.943314862689274,LOGAN THOMPSON,VGK,#B4975A
2,3,2023-10-24,3.3707868897375506,LOGAN THOMPSON,VGK,#B4975A
3,4,2023-10-28,4.887086637318308,LOGAN THOMPSON,VGK,#B4975A
4,5,2023-11-02,6.362066174246696,LOGAN THOMPSON,VGK,#B4975A
5,6,2023-11-05,6.084395763918945,LOGAN THOMPSON,VGK,#B4975A
6,7,2023-11-14,7.027671432201888,LOGAN THOMPSON,VGK,#B4975A
7,8,2023-11-18,5.446562778784531,LOGAN THOMPSON,VGK,#B4975A
8,9,2023-11-25,5.364882165524121,LOGAN THOMPSON,VGK,#B4975A
9,10,2023-11-28,7.147101818507024,LOGAN THOMPSON,VGK,#B4975A
10,11,2023-11-30,6.718912761270043,LOGAN THOMPSON,VGK,#B4975A
11,12,2023-12-02,8.356323932274568,LOGAN THOMPSON,VGK,#B4975A
12,13,2023-12-04,8.822365203549836,LOGAN THOMPSON,VGK,#B4975A
13,14,2023-12-06,8.074123681541995,LOGAN THOMPSON,VGK,#B4975A
14,15,2023-12-09,9.043020379584004,LOGAN THOMPSON,VGK,#B4975A
15,16,2023-12-12,7.818162204026871,LOGAN THOMPSON,VGK,#B4975A
16,17,2023-12-15,6.5771807385550165,LOGAN THOMPSON,VGK,#B4975A
17,18,2023-12-17,6.7003183806394215,LOGAN THOMPSON,VGK,#B4975A
18,19,2023-12-19,3.7984194812522123,LOGAN THOMPSON,VGK,#B4975A
0,1,2023-10-12,0.9632053273617607,CARTER HART,PHI,#F74902
1,2,2023-10-14,-0.6156957289843223,CARTER HART,PHI,#F74902
2,3,2023-10-17,1.4948574598472182,CARTER HART,PHI,#F74902
3,4,2023-10-19,2.727237521162283,CARTER HART,PHI,#F74902
4,5,2023-10-24,2.5889460821493446,CARTER HART,PHI,#F74902
5,6,2023-10-26,2.5690505494043023,CARTER HART,PHI,#F74902
6,7,2023-10-30,1.5966058999546644,CARTER HART,PHI,#F74902
7,8,2023-11-01,0.35013816626750915,CARTER HART,PHI,#F74902
8,9,2023-11-15,2.318402755676516,CARTER HART,PHI,#F74902
9,10,2023-11-18,2.0016773934057785,CARTER HART,PHI,#F74902
10,11,2023-11-22,1.0802454801626595,CARTER HART,PHI,#F74902
11,12,2023-11-24,0.1961141221463727,CARTER HART,PHI,#F74902
12,13,2023-11-28,-0.20795578261204017,CARTER HART,PHI,#F74902
13,14,2023-11-30,0.8229959613615794,CARTER HART,PHI,#F74902
14,15,2023-12-04,3.0849706454324384,CARTER HART,PHI,#F74902
15,16,2023-12-07,4.508459681351926,CARTER HART,PHI,#F74902
16,17,2023-12-09,6.3369699860166335,CARTER HART,PHI,#F74902
17,18,2023-12-22,4.8066720289328995,CARTER HART,PHI,#F74902
0,1,2023-10-14,1.8857647842462275,JEREMY SWAYMAN,BOS,#FFB81C
1,2,2023-10-21,4.413476008092433,JEREMY SWAYMAN,BOS,#FFB81C
2,3,2023-10-24,6.641234667103597,JEREMY SWAYMAN,BOS,#FFB81C
3,4,2023-10-28,7.60127676519706,JEREMY SWAYMAN,BOS,#FFB81C
4,5,2023-11-02,8.190774382056102,JEREMY SWAYMAN,BOS,#FFB81C
5,6,2023-11-06,10.105651462323973,JEREMY SWAYMAN,BOS,#FFB81C
6,7,2023-11-11,10.772561428069462,JEREMY SWAYMAN,BOS,#FFB81C
7,8,2023-11-18,10.872753585049134,JEREMY SWAYMAN,BOS,#FFB81C
8,9,2023-11-20,9.566769948420339,JEREMY SWAYMAN,BOS,#FFB81C
9,10,2023-11-24,8.50006296240103,JEREMY SWAYMAN,BOS,#FFB81C
10,11,2023-11-27,7.593185098850548,JEREMY SWAYMAN,BOS,#FFB81C
11,12,2023-11-30,9.459033606208829,JEREMY SWAYMAN,BOS,#FFB81C
12,13,2023-12-03,10.883808504357166,JEREMY SWAYMAN,BOS,#FFB81C
13,14,2023-12-13,13.585987557140912,JEREMY SWAYMAN,BOS,#FFB81C
14,15,2023-12-16,15.116279043257201,JEREMY SWAYMAN,BOS,#FFB81C
15,16,2023-12-22,13.367623628495938,JEREMY SWAYMAN,BOS,#FFB81C
0,1,2023-10-16,-0.8459165410316185,JOSEPH WOLL,TOR,#00205B
1,2,2023-10-21,2.1304759400920115,JOSEPH WOLL,TOR,#00205B
2,3,2023-10-24,5.05066194533642,JOSEPH WOLL,TOR,#00205B
3,4,2023-10-26,7.729003969671385,JOSEPH WOLL,TOR,#00205B
4,5,2023-10-31,7.028833993003262,JOSEPH WOLL,TOR,#00205B
5,6,2023-11-04,5.554482811289581,JOSEPH WOLL,TOR,#00205B
6,7,2023-11-06,7.7104980307189805,JOSEPH WOLL,TOR,#00205B
7,8,2023-11-08,4.887919458395265,JOSEPH WOLL,TOR,#00205B
8,9,2023-11-10,2.8777579280497645,JOSEPH WOLL,TOR,#00205B
9,10,2023-11-19,2.875458108374722,JOSEPH WOLL,TOR,#00205B
10,11,2023-11-25,2.9793981393364377,JOSEPH WOLL,TOR,#00205B
11,12,2023-11-28,5.510321160493239,JOSEPH WOLL,TOR,#00205B
12,13,2023-11-30,7.282403661494747,JOSEPH WOLL,TOR,#00205B
13,14,2023-12-02,7.3436293339364145,JOSEPH WOLL,TOR,#00205B
14,15,2023-12-07,7.974404857997545,JOSEPH WOLL,TOR,#00205B
0,1,2023-10-12,-1.5350736447902897,KAAPO KAHKONEN,S.J,#006D75
1,2,2023-10-19,0.6292078103340626,KAAPO KAHKONEN,S.J,#006D75
2,3,2023-10-26,1.1356684573112943,KAAPO KAHKONEN,S.J,#006D75
3,4,2023-10-27,2.689585437065248,KAAPO KAHKONEN,S.J,#006D75
4,5,2023-11-02,-0.19617723502575402,KAAPO KAHKONEN,S.J,#006D75
5,6,2023-11-10,-2.549748449380902,KAAPO KAHKONEN,S.J,#006D75
6,7,2023-11-16,0.1648013742048935,KAAPO KAHKONEN,S.J,#006D75
7,8,2023-11-22,-2.0479580995074524,KAAPO KAHKONEN,S.J,#006D75
8,9,2023-11-25,-0.44575075242625495,KAAPO KAHKONEN,S.J,#006D75
9,10,2023-12-01,2.0164118391124504,KAAPO KAHKONEN,S.J,#006D75
10,11,2023-12-05,2.3223781994309993,KAAPO KAHKONEN,S.J,#006D75
11,12,2023-12-07,2.211628841574704,KAAPO KAHKONEN,S.J,#006D75
12,13,2023-12-10,1.0398120015490182,KAAPO KAHKONEN,S.J,#006D75
13,14,2023-12-15,3.1731791271271392,KAAPO KAHKONEN,S.J,#006D75
14,15,2023-12-19,3.3198724444367946,KAAPO KAHKONEN,S.J,#006D75
0,1,2023-10-24,-0.44870715061194266,UKKO-PEKKA LUUKKONEN,BUF,#003087
1,2,2023-10-27,-2.218066274515408,UKKO-PEKKA LUUKKONEN,BUF,#003087
2,3,2023-10-29,0.4017755991898948,UKKO-PEKKA LUUKKONEN,BUF,#003087
3,4,2023-11-01,2.3790668008435145,UKKO-PEKKA LUUKKONEN,BUF,#003087
4,5,2023-11-03,-0.027523243754713267,UKKO-PEKKA LUUKKONEN,BUF,#003087
5,6,2023-11-07,0.22176528155602204,UKKO-PEKKA LUUKKONEN,BUF,#003087
6,7,2023-11-11,0.33454363998691505,UKKO-PEKKA LUUKKONEN,BUF,#003087
7,8,2023-11-14,1.5353582610036736,UKKO-PEKKA LUUKKONEN,BUF,#003087
8,9,2023-11-19,2.632920816958749,UKKO-PEKKA LUUKKONEN,BUF,#003087
9,10,2023-11-24,3.3607062454801677,UKKO-PEKKA LUUKKONEN,BUF,#003087
10,11,2023-11-27,5.43391271365316,UKKO-PEKKA LUUKKONEN,BUF,#003087
11,12,2023-11-30,2.2771214815356826,UKKO-PEKKA LUUKKONEN,BUF,#003087
12,13,2023-12-03,4.429027148898205,UKKO-PEKKA LUUKKONEN,BUF,#003087
13,14,2023-12-13,2.298472339737618,UKKO-PEKKA LUUKKONEN,BUF,#003087
14,15,2023-12-16,3.553785722322388,UKKO-PEKKA LUUKKONEN,BUF,#003087
15,16,2023-12-19,0.43232194915720923,UKKO-PEKKA LUUKKONEN,BUF,#003087
16,17,2023-12-23,0.3248279223335011,UKKO-PEKKA LUUKKONEN,BUF,#003087
0,1,2023-10-15,-0.02809024896721679,LUKAS DOSTAL,ANA,#F47A38
1,2,2023-10-21,1.2963393891612784,LUKAS DOSTAL,ANA,#F47A38
2,3,2023-10-24,3.094165825644169,LUKAS DOSTAL,ANA,#F47A38
3,4,2023-10-28,1.6347817681854098,LUKAS DOSTAL,ANA,#F47A38
4,5,2023-10-30,5.496183937744373,LUKAS DOSTAL,ANA,#F47A38
5,6,2023-11-01,5.6013223381456125,LUKAS DOSTAL,ANA,#F47A38
6,7,2023-11-10,3.795720985631775,LUKAS DOSTAL,ANA,#F47A38
7,8,2023-11-15,-0.2571802667639118,LUKAS DOSTAL,ANA,#F47A38
8,9,2023-11-26,-4.682857303166411,LUKAS DOSTAL,ANA,#F47A38
9,10,2023-12-07,-3.2880475772486726,LUKAS DOSTAL,ANA,#F47A38
10,11,2023-12-15,-4.531263451065123,LUKAS DOSTAL,ANA,#F47A38
11,12,2023-12-17,-3.259942214639768,LUKAS DOSTAL,ANA,#F47A38
12,13,2023-12-18,-2.8924659482693706,LUKAS DOSTAL,ANA,#F47A38
13,14,2023-12-21,0.23925838266497346,LUKAS DOSTAL,ANA,#F47A38
14,15,2023-12-23,-0.9670842829628983,LUKAS DOSTAL,ANA,#F47A38
0,1,2023-10-13,-0.2704613484612617,CHARLIE LINDGREN,WSH,#C8102E
1,2,2023-11-04,1.9688238246474556,CHARLIE LINDGREN,WSH,#C8102E
2,3,2023-11-10,3.156783929312209,CHARLIE LINDGREN,WSH,#C8102E
3,4,2023-11-14,6.991949987134973,CHARLIE LINDGREN,WSH,#C8102E
4,5,2023-11-18,7.898954423371691,CHARLIE LINDGREN,WSH,#C8102E
5,6,2023-11-24,6.503235077013529,CHARLIE LINDGREN,WSH,#C8102E
6,7,2023-11-29,9.22205560896116,CHARLIE LINDGREN,WSH,#C8102E
7,8,2023-12-04,8.410912372442876,CHARLIE LINDGREN,WSH,#C8102E
8,9,2023-12-07,6.9608027964142405,CHARLIE LINDGREN,WSH,#C8102E
9,10,2023-12-09,9.687540969420045,CHARLIE LINDGREN,WSH,#C8102E
10,11,2023-12-14,10.359186709368222,CHARLIE LINDGREN,WSH,#C8102E
11,12,2023-12-16,9.535012962020671,CHARLIE LINDGREN,WSH,#C8102E
12,13,2023-12-21,10.07118002528298,CHARLIE LINDGREN,WSH,#C8102E
13,14,2023-12-23,11.6461188822338,CHARLIE LINDGREN,WSH,#C8102E
0,1,2023-10-14,2.724440874329262,SAM MONTEMBEAULT,MTL,#AF1E2D
1,2,2023-10-17,0.8160538829945776,SAM MONTEMBEAULT,MTL,#AF1E2D
2,3,2023-10-26,1.3010682500754434,SAM MONTEMBEAULT,MTL,#AF1E2D
3,4,2023-10-30,2.138852460741343,SAM MONTEMBEAULT,MTL,#AF1E2D
4,5,2023-11-04,0.14990461113584663,SAM MONTEMBEAULT,MTL,#AF1E2D
5,6,2023-11-07,1.421767099953291,SAM MONTEMBEAULT,MTL,#AF1E2D
6,7,2023-11-11,2.34015050693372,SAM MONTEMBEAULT,MTL,#AF1E2D
7,8,2023-11-14,3.228161486523524,SAM MONTEMBEAULT,MTL,#AF1E2D
8,9,2023-11-22,3.082776184679188,SAM MONTEMBEAULT,MTL,#AF1E2D
9,10,2023-11-29,3.3110046610888957,SAM MONTEMBEAULT,MTL,#AF1E2D
10,11,2023-12-04,3.693466704677855,SAM MONTEMBEAULT,MTL,#AF1E2D
11,12,2023-12-07,2.5304020094704947,SAM MONTEMBEAULT,MTL,#AF1E2D
12,13,2023-12-13,2.6058377082583433,SAM MONTEMBEAULT,MTL,#AF1E2D
13,14,2023-12-16,2.9253470416971945,SAM MONTEMBEAULT,MTL,#AF1E2D
14,15,2023-12-21,1.8631123365242184,SAM MONTEMBEAULT,MTL,#AF1E2D
0,1,2023-10-16,1.7186940724979758,DARCY KUEMPER,WSH,#C8102E
1,2,2023-10-18,-1.4074663316271954,DARCY KUEMPER,WSH,#C8102E
2,3,2023-10-21,-0.7265902177967187,DARCY KUEMPER,WSH,#C8102E
3,4,2023-10-24,-3.0776008893026936,DARCY KUEMPER,WSH,#C8102E
4,5,2023-10-27,-0.015075884948842155,DARCY KUEMPER,WSH,#C8102E
5,6,2023-10-29,1.5376465430121402,DARCY KUEMPER,WSH,#C8102E
6,7,2023-11-02,1.1124087879652294,DARCY KUEMPER,WSH,#C8102E
7,8,2023-11-08,0.46726576692910093,DARCY KUEMPER,WSH,#C8102E
8,9,2023-11-22,0.6263238131965538,DARCY KUEMPER,WSH,#C8102E
9,10,2023-11-27,0.39663413576453443,DARCY KUEMPER,WSH,#C8102E
10,11,2023-11-30,0.6781551355400897,DARCY KUEMPER,WSH,#C8102E
11,12,2023-12-02,1.297674254394615,DARCY KUEMPER,WSH,#C8102E
12,13,2023-12-04,-1.363230266283614,DARCY KUEMPER,WSH,#C8102E
13,14,2023-12-10,-0.6521760790792555,DARCY KUEMPER,WSH,#C8102E
14,15,2023-12-17,1.279074291182948,DARCY KUEMPER,WSH,#C8102E
15,16,2023-12-20,2.1163765343062417,DARCY KUEMPER,WSH,#C8102E
0,1,2023-10-11,1.775911731053072,ARVID SODERBLOM,CHI,#CF0A2C
1,2,2023-10-16,6.556607472667472,ARVID SODERBLOM,CHI,#CF0A2C
2,3,2023-10-21,4.240198382297546,ARVID SODERBLOM,CHI,#CF0A2C
3,4,2023-10-30,0.9155670498762665,ARVID SODERBLOM,CHI,#CF0A2C
4,5,2023-11-05,1.26822622598212,ARVID SODERBLOM,CHI,#CF0A2C
5,6,2023-11-12,0.7094506677031558,ARVID SODERBLOM,CHI,#CF0A2C
6,7,2023-11-18,1.46935524845517,ARVID SODERBLOM,CHI,#CF0A2C
7,8,2023-11-22,0.35489200479674166,ARVID SODERBLOM,CHI,#CF0A2C
8,9,2023-11-24,1.3136988774768406,ARVID SODERBLOM,CHI,#CF0A2C
9,10,2023-11-26,0.7229174023423219,ARVID SODERBLOM,CHI,#CF0A2C
10,11,2023-12-02,0.3770900636392338,ARVID SODERBLOM,CHI,#CF0A2C
11,12,2023-12-05,0.6605932648613244,ARVID SODERBLOM,CHI,#CF0A2C
12,13,2023-12-10,-1.026727246145168,ARVID SODERBLOM,CHI,#CF0A2C
13,14,2023-12-14,-5.293057089887254,ARVID SODERBLOM,CHI,#CF0A2C
14,15,2023-12-23,-7.732581506506534,ARVID SODERBLOM,CHI,#CF0A2C
0,1,2023-10-10,0.22735702587269602,PHILIPP GRUBAUER,SEA,#99D9D9
1,2,2023-10-12,2.322334022076832,PHILIPP GRUBAUER,SEA,#99D9D9
2,3,2023-10-17,1.664761027424119,PHILIPP GRUBAUER,SEA,#99D9D9
3,4,2023-10-21,0.006169754996280918,PHILIPP GRUBAUER,SEA,#99D9D9
4,5,2023-10-30,0.5039943589022822,PHILIPP GRUBAUER,SEA,#99D9D9
5,6,2023-11-02,2.3408720719625715,PHILIPP GRUBAUER,SEA,#99D9D9
6,7,2023-11-04,0.8371326255181466,PHILIPP GRUBAUER,SEA,#99D9D9
7,8,2023-11-09,-0.30796765664538883,PHILIPP GRUBAUER,SEA,#99D9D9
8,9,2023-11-11,-2.629930119515769,PHILIPP GRUBAUER,SEA,#99D9D9
9,10,2023-11-16,-2.92690192016248,PHILIPP GRUBAUER,SEA,#99D9D9
10,11,2023-11-18,-4.145462299620287,PHILIPP GRUBAUER,SEA,#99D9D9
11,12,2023-11-20,-5.387017785582323,PHILIPP GRUBAUER,SEA,#99D9D9
12,13,2023-11-28,-7.387891745587972,PHILIPP GRUBAUER,SEA,#99D9D9
13,14,2023-11-30,-7.158702242356478,PHILIPP GRUBAUER,SEA,#99D9D9
14,15,2023-12-04,-7.111647603071759,PHILIPP GRUBAUER,SEA,#99D9D9
15,16,2023-12-07,-7.386004700771576,PHILIPP GRUBAUER,SEA,#99D9D9
16,17,2023-12-09,-6.685278252999092,PHILIPP GRUBAUER,SEA,#99D9D9
0,1,2023-10-12,-0.8050492223403651,DEVON LEVI,BUF,#003087
1,2,2023-10-14,-1.6923469639032964,DEVON LEVI,BUF,#003087
2,3,2023-10-17,-0.6258212069689293,DEVON LEVI,BUF,#003087
3,4,2023-10-19,-1.1473490525386487,DEVON LEVI,BUF,#003087
4,5,2023-11-04,-1.8667551476221957,DEVON LEVI,BUF,#003087
5,6,2023-11-10,2.0310809540766623,DEVON LEVI,BUF,#003087
6,7,2023-11-14,0.17111674095303542,DEVON LEVI,BUF,#003087
7,8,2023-11-22,-1.0394343614488424,DEVON LEVI,BUF,#003087
8,9,2023-11-25,-1.4741338107484645,DEVON LEVI,BUF,#003087
9,10,2023-12-07,0.8742703694903793,DEVON LEVI,BUF,#003087
10,11,2023-12-09,1.9908907307608428,DEVON LEVI,BUF,#003087
11,12,2023-12-11,1.5742452494145072,DEVON LEVI,BUF,#003087
12,13,2023-12-15,5.768128967973086,DEVON LEVI,BUF,#003087
13,14,2023-12-19,3.244267904947743,DEVON LEVI,BUF,#003087
14,15,2023-12-21,2.685472315100873,DEVON LEVI,BUF,#003087
0,1,2023-10-10,3.238370535095025,ADIN HILL,VGK,#B4975A
1,2,2023-10-14,4.895622540231516,ADIN HILL,VGK,#B4975A
2,3,2023-10-17,5.095029182403474,ADIN HILL,VGK,#B4975A
3,4,2023-10-21,3.836671962985576,ADIN HILL,VGK,#B4975A
4,5,2023-10-27,2.0684205375453777,ADIN HILL,VGK,#B4975A
5,6,2023-10-30,3.4920418169318115,ADIN HILL,VGK,#B4975A
6,7,2023-11-04,6.878079421588875,ADIN HILL,VGK,#B4975A
7,8,2023-11-08,6.883403673663059,ADIN HILL,VGK,#B4975A
8,9,2023-11-10,8.144645527015065,ADIN HILL,VGK,#B4975A
9,10,2023-11-16,6.039480928512564,ADIN HILL,VGK,#B4975A
10,11,2023-11-19,7.426741241694181,ADIN HILL,VGK,#B4975A
11,12,2023-11-22,9.707574716947827,ADIN HILL,VGK,#B4975A
12,13,2023-11-27,11.795715796496397,ADIN HILL,VGK,#B4975A
13,14,2023-11-30,14.057053291392538,ADIN HILL,VGK,#B4975A
14,15,2023-12-17,13.473237179780533,ADIN HILL,VGK,#B4975A
0,1,2023-10-21,0.4331679807427231,SEMYON VARLAMOV,NYI,#F47D30
1,2,2023-10-28,4.367408721385344,SEMYON VARLAMOV,NYI,#F47D30
2,3,2023-11-02,9.120317185046247,SEMYON VARLAMOV,NYI,#F47D30
3,4,2023-11-07,8.187974298050257,SEMYON VARLAMOV,NYI,#F47D30
4,5,2023-11-11,7.612973991752627,SEMYON VARLAMOV,NYI,#F47D30
5,6,2023-11-16,7.174017117449131,SEMYON VARLAMOV,NYI,#F47D30
6,7,2023-11-24,7.565922477352695,SEMYON VARLAMOV,NYI,#F47D30
7,8,2023-11-30,8.042189582377995,SEMYON VARLAMOV,NYI,#F47D30
8,9,2023-12-07,7.776351062377244,SEMYON VARLAMOV,NYI,#F47D30
9,10,2023-12-13,7.7129789954098005,SEMYON VARLAMOV,NYI,#F47D30
10,11,2023-12-16,8.366425068307006,SEMYON VARLAMOV,NYI,#F47D30
11,12,2023-12-20,8.787482492686953,SEMYON VARLAMOV,NYI,#F47D30
0,1,2023-10-19,-0.9016422578062102,PYOTR KOCHETKOV,CAR,#CE1126
1,2,2023-10-21,-4.050729116180445,PYOTR KOCHETKOV,CAR,#CE1126
2,3,2023-10-24,-5.416844324527563,PYOTR KOCHETKOV,CAR,#CE1126
3,4,2023-11-11,-3.4461155990212218,PYOTR KOCHETKOV,CAR,#CE1126
4,5,2023-11-15,-4.757676244773325,PYOTR KOCHETKOV,CAR,#CE1126
5,6,2023-11-22,-3.647608872990564,PYOTR KOCHETKOV,CAR,#CE1126
6,7,2023-11-26,-3.9422963660129335,PYOTR KOCHETKOV,CAR,#CE1126
7,8,2023-11-28,-3.0031458010290195,PYOTR KOCHETKOV,CAR,#CE1126
8,9,2023-11-30,-5.459330789662603,PYOTR KOCHETKOV,CAR,#CE1126
9,10,2023-12-02,-5.854715177981113,PYOTR KOCHETKOV,CAR,#CE1126
10,11,2023-12-06,-8.150708124575813,PYOTR KOCHETKOV,CAR,#CE1126
11,12,2023-12-07,-7.610225571577716,PYOTR KOCHETKOV,CAR,#CE1126
12,13,2023-12-12,-5.152749998201278,PYOTR KOCHETKOV,CAR,#CE1126
13,14,2023-12-14,-4.504927323425457,PYOTR KOCHETKOV,CAR,#CE1126
14,15,2023-12-17,-3.203255622294837,PYOTR KOCHETKOV,CAR,#CE1126
15,16,2023-12-19,-3.5546406360267135,PYOTR KOCHETKOV,CAR,#CE1126
16,17,2023-12-21,-2.273988473959824,PYOTR KOCHETKOV,CAR,#CE1126
17,18,2023-12-23,-4.960582196321805,PYOTR KOCHETKOV,CAR,#CE1126
0,1,2023-10-13,0.2840486756345477,KAREL VEJMELKA,ARI,#8C2633
1,2,2023-10-17,2.120057216745957,KAREL VEJMELKA,ARI,#8C2633
2,3,2023-10-21,4.601643031337112,KAREL VEJMELKA,ARI,#8C2633
3,4,2023-10-24,4.345354004241469,KAREL VEJMELKA,ARI,#8C2633
4,5,2023-10-27,2.8638094328090067,KAREL VEJMELKA,ARI,#8C2633
5,6,2023-11-01,0.9873125773019877,KAREL VEJMELKA,ARI,#8C2633
6,7,2023-11-04,-0.9023983559562234,KAREL VEJMELKA,ARI,#8C2633
7,8,2023-11-14,-1.6843951776910115,KAREL VEJMELKA,ARI,#8C2633
8,9,2023-11-18,-3.765188610632874,KAREL VEJMELKA,ARI,#8C2633
9,10,2023-11-22,-6.4937683176140855,KAREL VEJMELKA,ARI,#8C2633
10,11,2023-12-11,-6.482928410238535,KAREL VEJMELKA,ARI,#8C2633
11,12,2023-12-16,-3.967534446037983,KAREL VEJMELKA,ARI,#8C2633
12,13,2023-12-19,-2.3806158473025745,KAREL VEJMELKA,ARI,#8C2633
13,14,2023-12-21,-0.6585372422217897,KAREL VEJMELKA,ARI,#8C2633
0,1,2023-10-11,-0.8316206223027534,JAKE ALLEN,MTL,#AF1E2D
1,2,2023-10-21,2.357562699105258,JAKE ALLEN,MTL,#AF1E2D
2,3,2023-10-23,5.345707283054731,JAKE ALLEN,MTL,#AF1E2D
3,4,2023-10-28,6.746477148992875,JAKE ALLEN,MTL,#AF1E2D
4,5,2023-11-02,8.883842858337625,JAKE ALLEN,MTL,#AF1E2D
5,6,2023-11-07,6.045508249486007,JAKE ALLEN,MTL,#AF1E2D
6,7,2023-11-12,6.695372532705744,JAKE ALLEN,MTL,#AF1E2D
7,8,2023-11-18,5.993879488187749,JAKE ALLEN,MTL,#AF1E2D
8,9,2023-11-25,5.511629119048887,JAKE ALLEN,MTL,#AF1E2D
9,10,2023-12-02,4.805213003881872,JAKE ALLEN,MTL,#AF1E2D
10,11,2023-12-10,5.943620829466442,JAKE ALLEN,MTL,#AF1E2D
11,12,2023-12-18,6.719390141823872,JAKE ALLEN,MTL,#AF1E2D
0,1,2023-11-24,0.762863644395035,ANDREI VASILEVSKIY,T.B,#002868
1,2,2023-11-27,1.330750365419545,ANDREI VASILEVSKIY,T.B,#002868
2,3,2023-11-30,0.6273509618928523,ANDREI VASILEVSKIY,T.B,#002868
3,4,2023-12-02,-3.0467461062551076,ANDREI VASILEVSKIY,T.B,#002868
4,5,2023-12-04,-1.1728249524473577,ANDREI VASILEVSKIY,T.B,#002868
5,6,2023-12-06,0.8588305010785282,ANDREI VASILEVSKIY,T.B,#002868
6,7,2023-12-09,-0.24746044512825427,ANDREI VASILEVSKIY,T.B,#002868
7,8,2023-12-12,-1.0787379736593137,ANDREI VASILEVSKIY,T.B,#002868
8,9,2023-12-14,2.679302900951747,ANDREI VASILEVSKIY,T.B,#002868
9,10,2023-12-16,0.71403204921599,ANDREI VASILEVSKIY,T.B,#002868
10,11,2023-12-19,2.5720376451130007,ANDREI VASILEVSKIY,T.B,#002868
11,12,2023-12-21,2.0693845608594317,ANDREI VASILEVSKIY,T.B,#002868
12,13,2023-12-23,4.371093069288428,ANDREI VASILEVSKIY,T.B,#002868
0,1,2023-10-21,-2.6836724129266196,SAMUEL ERSSON,PHI,#F74902
1,2,2023-10-28,-6.892162110265571,SAMUEL ERSSON,PHI,#F74902
2,3,2023-11-01,-8.129455464444998,SAMUEL ERSSON,PHI,#F74902
3,4,2023-11-03,-6.582853419477078,SAMUEL ERSSON,PHI,#F74902
4,5,2023-11-07,-6.41596073667254,SAMUEL ERSSON,PHI,#F74902
5,6,2023-11-10,-5.300136924700042,SAMUEL ERSSON,PHI,#F74902
6,7,2023-11-19,-4.5685101590774835,SAMUEL ERSSON,PHI,#F74902
7,8,2023-11-25,-2.2490312686144756,SAMUEL ERSSON,PHI,#F74902
8,9,2023-12-02,-1.6053836943239026,SAMUEL ERSSON,PHI,#F74902
9,10,2023-12-12,-2.129287618060864,SAMUEL ERSSON,PHI,#F74902
10,11,2023-12-14,-1.4451423467724807,SAMUEL ERSSON,PHI,#F74902
11,12,2023-12-16,0.9250553252526812,SAMUEL ERSSON,PHI,#F74902
12,13,2023-12-19,2.7142133102241925,SAMUEL ERSSON,PHI,#F74902
13,14,2023-12-21,2.739992207441173,SAMUEL ERSSON,PHI,#F74902
0,1,2023-10-21,-1.2386919026717456,SCOTT WEDGEWOOD,DAL,#006847
1,2,2023-10-26,-1.763109404687862,SCOTT WEDGEWOOD,DAL,#006847
2,3,2023-11-02,1.6435230134630316,SCOTT WEDGEWOOD,DAL,#006847
3,4,2023-11-11,1.290504711657409,SCOTT WEDGEWOOD,DAL,#006847
4,5,2023-11-20,2.095635624722771,SCOTT WEDGEWOOD,DAL,#006847
5,6,2023-11-30,1.0880551612383527,SCOTT WEDGEWOOD,DAL,#006847
6,7,2023-12-07,-0.14862149054741103,SCOTT WEDGEWOOD,DAL,#006847
7,8,2023-12-15,0.2679497208888697,SCOTT WEDGEWOOD,DAL,#006847
8,9,2023-12-16,-1.001725559586144,SCOTT WEDGEWOOD,DAL,#006847
9,10,2023-12-18,-0.34292083629452286,SCOTT WEDGEWOOD,DAL,#006847
10,11,2023-12-21,-1.6125091298425842,SCOTT WEDGEWOOD,DAL,#006847
11,12,2023-12-23,-1.739467860031996,SCOTT WEDGEWOOD,DAL,#006847
0,1,2023-10-17,0.7971087834348789,MARC-ANDRE FLEURY,MIN,#154734
1,2,2023-10-19,-2.609142069224132,MARC-ANDRE FLEURY,MIN,#154734
2,3,2023-10-27,-2.1676615246732855,MARC-ANDRE FLEURY,MIN,#154734
3,4,2023-10-29,-3.8879832523747413,MARC-ANDRE FLEURY,MIN,#154734
4,5,2023-11-04,-3.866973965848766,MARC-ANDRE FLEURY,MIN,#154734
5,6,2023-11-07,-2.4001728754581677,MARC-ANDRE FLEURY,MIN,#154734
6,7,2023-11-09,-1.645881615501584,MARC-ANDRE FLEURY,MIN,#154734
7,8,2023-11-12,-5.020489120625681,MARC-ANDRE FLEURY,MIN,#154734
8,9,2023-11-19,-6.74083589933306,MARC-ANDRE FLEURY,MIN,#154734
9,10,2023-12-03,-4.748566619441536,MARC-ANDRE FLEURY,MIN,#154734
10,11,2023-12-08,-4.234503399322746,MARC-ANDRE FLEURY,MIN,#154734
11,12,2023-12-19,-2.961382439210432,MARC-ANDRE FLEURY,MIN,#154734
12,13,2023-12-23,-3.6034775589370636,MARC-ANDRE FLEURY,MIN,#154734
0,1,2023-10-13,1.1204574082363035,AKIRA SCHMID,N.J,#CE1126
1,2,2023-10-20,0.6887536852663239,AKIRA SCHMID,N.J,#CE1126
2,3,2023-10-25,-1.6557233395953657,AKIRA SCHMID,N.J,#CE1126
3,4,2023-11-03,-1.3625752916878349,AKIRA SCHMID,N.J,#CE1126
4,5,2023-11-10,-0.0003153576407384229,AKIRA SCHMID,N.J,#CE1126
5,6,2023-11-14,-2.51123317772394,AKIRA SCHMID,N.J,#CE1126
6,7,2023-11-24,-2.35054990976113,AKIRA SCHMID,N.J,#CE1126
7,8,2023-11-28,-1.6871756202451045,AKIRA SCHMID,N.J,#CE1126
8,9,2023-11-30,-0.899223613579955,AKIRA SCHMID,N.J,#CE1126
9,10,2023-12-01,-4.506333427652177,AKIRA SCHMID,N.J,#CE1126
10,11,2023-12-07,-1.7325267834561324,AKIRA SCHMID,N.J,#CE1126
11,12,2023-12-10,-1.2028526476082115,AKIRA SCHMID,N.J,#CE1126
12,13,2023-12-16,-1.0291479435481237,AKIRA SCHMID,N.J,#CE1126
13,14,2023-12-17,-2.425638161121259,AKIRA SCHMID,N.J,#CE1126
14,15,2023-12-21,-3.7752210341191503,AKIRA SCHMID,N.J,#CE1126
0,1,2023-10-11,-2.6900018607699394,ILYA SAMSONOV,TOR,#00205B
1,2,2023-10-14,-2.9683211483684397,ILYA SAMSONOV,TOR,#00205B
2,3,2023-10-19,-2.627368524860289,ILYA SAMSONOV,TOR,#00205B
3,4,2023-10-21,-5.226889937219026,ILYA SAMSONOV,TOR,#00205B
4,5,2023-10-28,-5.593154007922137,ILYA SAMSONOV,TOR,#00205B
5,6,2023-11-02,-2.4815759786210245,ILYA SAMSONOV,TOR,#00205B
6,7,2023-11-06,-5.763966977452016,ILYA SAMSONOV,TOR,#00205B
7,8,2023-11-11,-4.13523086697861,ILYA SAMSONOV,TOR,#00205B
8,9,2023-11-17,-2.818712287231989,ILYA SAMSONOV,TOR,#00205B
9,10,2023-11-24,-4.514605075456043,ILYA SAMSONOV,TOR,#00205B
10,11,2023-12-09,-2.8338308094102853,ILYA SAMSONOV,TOR,#00205B
11,12,2023-12-11,-3.6053528172208997,ILYA SAMSONOV,TOR,#00205B
12,13,2023-12-14,-5.652416362127886,ILYA SAMSONOV,TOR,#00205B
13,14,2023-12-21,-9.013120045331188,ILYA SAMSONOV,TOR,#00205B
0,1,2023-10-19,1.207340715521212,JONATHAN QUICK,NYR,#0038A8
1,2,2023-10-21,1.6824011479939514,JONATHAN QUICK,NYR,#0038A8
2,3,2023-10-26,5.093322764191152,JONATHAN QUICK,NYR,#0038A8
3,4,2023-11-04,6.064215495619617,JONATHAN QUICK,NYR,#0038A8
4,5,2023-11-07,5.669598803511233,JONATHAN QUICK,NYR,#0038A8
5,6,2023-11-12,6.576818283762504,JONATHAN QUICK,NYR,#0038A8
6,7,2023-11-22,10.13443053471974,JONATHAN QUICK,NYR,#0038A8
7,8,2023-11-25,9.779631624373916,JONATHAN QUICK,NYR,#0038A8
8,9,2023-12-03,9.165499411188327,JONATHAN QUICK,NYR,#0038A8
9,10,2023-12-10,10.035824243475114,JONATHAN QUICK,NYR,#0038A8
10,11,2023-12-15,12.214808918013741,JONATHAN QUICK,NYR,#0038A8
11,12,2023-12-22,11.920162771102959,JONATHAN QUICK,NYR,#0038A8
0,1,2023-10-14,-0.4272719050073337,SPENCER MARTIN,CBJ,#002654
1,2,2023-10-16,-1.6133318746058536,SPENCER MARTIN,CBJ,#002654
2,3,2023-10-20,0.741993548750429,SPENCER MARTIN,CBJ,#002654
3,4,2023-10-28,2.5491936281861443,SPENCER MARTIN,CBJ,#002654
4,5,2023-11-06,3.461106153614874,SPENCER MARTIN,CBJ,#002654
5,6,2023-11-09,3.0134881664742386,SPENCER MARTIN,CBJ,#002654
6,7,2023-11-11,1.6054050829254845,SPENCER MARTIN,CBJ,#002654
7,8,2023-11-19,0.23945711943592185,SPENCER MARTIN,CBJ,#002654
8,9,2023-11-27,1.8888399794814519,SPENCER MARTIN,CBJ,#002654
9,10,2023-12-03,3.174239501636794,SPENCER MARTIN,CBJ,#002654
10,11,2023-12-07,-0.8974717913054939,SPENCER MARTIN,CBJ,#002654
0,1,2023-10-14,0.5423480435884942,ALEX NEDELJKOVIC,PIT,#FCB514
1,2,2023-10-24,0.1689302133359103,ALEX NEDELJKOVIC,PIT,#FCB514
2,3,2023-11-19,3.300536701466824,ALEX NEDELJKOVIC,PIT,#FCB514
3,4,2023-11-24,3.8021062532768912,ALEX NEDELJKOVIC,PIT,#FCB514
4,5,2023-12-04,5.084538064267914,ALEX NEDELJKOVIC,PIT,#FCB514
5,6,2023-12-13,7.345577263381622,ALEX NEDELJKOVIC,PIT,#FCB514
6,7,2023-12-16,7.487926569956084,ALEX NEDELJKOVIC,PIT,#FCB514
7,8,2023-12-18,6.949283030102457,ALEX NEDELJKOVIC,PIT,#FCB514
8,9,2023-12-21,7.822716263798161,ALEX NEDELJKOVIC,PIT,#FCB514
9,10,2023-12-23,5.29470853671552,ALEX NEDELJKOVIC,PIT,#FCB514
0,1,2023-10-19,-0.6583226299409541,DAN VLADAR,CGY, #D2001C
1,2,2023-10-22,-3.9490486001045513,DAN VLADAR,CGY, #D2001C
2,3,2023-11-04,-5.032761977656216,DAN VLADAR,CGY, #D2001C
3,4,2023-11-10,-4.0869499238560305,DAN VLADAR,CGY, #D2001C
4,5,2023-11-20,-4.698120270118578,DAN VLADAR,CGY, #D2001C
5,6,2023-11-25,-4.98237837182541,DAN VLADAR,CGY, #D2001C
6,7,2023-11-27,-2.7247325694161115,DAN VLADAR,CGY, #D2001C
7,8,2023-12-05,-4.154713979998738,DAN VLADAR,CGY, #D2001C
8,9,2023-12-11,-7.068181599288887,DAN VLADAR,CGY, #D2001C
9,10,2023-12-14,-5.779437120632042,DAN VLADAR,CGY, #D2001C
10,11,2023-12-16,-5.458900696775358,DAN VLADAR,CGY, #D2001C
0,1,2023-10-16,1.8067399459968514,JAMES REIMER,DET,#CE1126
1,2,2023-10-22,2.517971106732235,JAMES REIMER,DET,#CE1126
2,3,2023-10-26,1.9979744309133403,JAMES REIMER,DET,#CE1126
3,4,2023-11-02,4.146130069747832,JAMES REIMER,DET,#CE1126
4,5,2023-11-09,3.881006737136161,JAMES REIMER,DET,#CE1126
5,6,2023-11-16,3.3598140764143043,JAMES REIMER,DET,#CE1126
6,7,2023-12-09,3.9204670336415544,JAMES REIMER,DET,#CE1126
7,8,2023-12-11,2.0397623430358167,JAMES REIMER,DET,#CE1126
8,9,2023-12-18,2.291026330858104,JAMES REIMER,DET,#CE1126
9,10,2023-12-20,-0.33167187550500543,JAMES REIMER,DET,#CE1126
10,11,2023-12-22,-2.1685175051311614,JAMES REIMER,DET,#CE1126
0,1,2023-10-11,0.4694054236981909,CASEY DESMITH,VAN,#00843D
1,2,2023-10-14,2.1813822792983717,CASEY DESMITH,VAN,#00843D
2,3,2023-10-21,3.525936408756778,CASEY DESMITH,VAN,#00843D
3,4,2023-10-28,2.141810176512639,CASEY DESMITH,VAN,#00843D
4,5,2023-11-09,2.413687954087234,CASEY DESMITH,VAN,#00843D
5,6,2023-11-12,3.9713923421046036,CASEY DESMITH,VAN,#00843D
6,7,2023-11-16,2.898103160282497,CASEY DESMITH,VAN,#00843D
7,8,2023-11-25,0.9221348679476358,CASEY DESMITH,VAN,#00843D
8,9,2023-12-07,4.423276076156355,CASEY DESMITH,VAN,#00843D
9,10,2023-12-16,6.39300662294234,CASEY DESMITH,VAN,#00843D
10,11,2023-12-19,6.583003961427975,CASEY DESMITH,VAN,#00843D
0,1,2023-10-15,-1.0176838795134469,ANTTI RAANTA,CAR,#CE1126
1,2,2023-10-17,-1.602179519797879,ANTTI RAANTA,CAR,#CE1126
2,3,2023-10-19,-3.840013190147027,ANTTI RAANTA,CAR,#CE1126
3,4,2023-10-27,-1.780876735419206,ANTTI RAANTA,CAR,#CE1126
4,5,2023-11-04,-2.727912727668162,ANTTI RAANTA,CAR,#CE1126
5,6,2023-11-07,-2.259800588624376,ANTTI RAANTA,CAR,#CE1126
6,7,2023-11-10,-3.393097278493309,ANTTI RAANTA,CAR,#CE1126
7,8,2023-11-18,-2.2146457618745647,ANTTI RAANTA,CAR,#CE1126
8,9,2023-11-22,-2.5696039510245896,ANTTI RAANTA,CAR,#CE1126
9,10,2023-11-24,-9.181594266510876,ANTTI RAANTA,CAR,#CE1126
10,11,2023-12-04,-8.980085355530704,ANTTI RAANTA,CAR,#CE1126
11,12,2023-12-06,-7.4581703000705675,ANTTI RAANTA,CAR,#CE1126
12,13,2023-12-09,-8.845898160124484,ANTTI RAANTA,CAR,#CE1126
13,14,2023-12-15,-11.302239058695625,ANTTI RAANTA,CAR,#CE1126
0,1,2023-10-14,0.845869222566531,ANTON FORSBERG,OTT,#B79257
1,2,2023-10-18,2.602897778788522,ANTON FORSBERG,OTT,#B79257
2,3,2023-10-24,-0.9410126103088103,ANTON FORSBERG,OTT,#B79257
3,4,2023-11-04,-2.266887540352957,ANTON FORSBERG,OTT,#B79257
4,5,2023-11-09,-5.4289976674606155,ANTON FORSBERG,OTT,#B79257
5,6,2023-11-18,-4.749162248936154,ANTON FORSBERG,OTT,#B79257
6,7,2023-11-24,-6.050619356487388,ANTON FORSBERG,OTT,#B79257
7,8,2023-12-02,-3.2490499198148703,ANTON FORSBERG,OTT,#B79257
8,9,2023-12-05,-2.2305329006474612,ANTON FORSBERG,OTT,#B79257
9,10,2023-12-07,-4.4127234157781245,ANTON FORSBERG,OTT,#B79257
10,11,2023-12-15,-7.105888171509905,ANTON FORSBERG,OTT,#B79257
11,12,2023-12-23,-7.5441007248872545,ANTON FORSBERG,OTT,#B79257
0,1,2023-10-19,-2.769920025716143,JOEL HOFER,STL,#002F87
1,2,2023-10-26,-0.0632861080061291,JOEL HOFER,STL,#002F87
2,3,2023-11-04,0.8522700289190919,JOEL HOFER,STL,#002F87
3,4,2023-11-16,-1.1099324563625705,JOEL HOFER,STL,#002F87
4,5,2023-11-19,0.28210298197290307,JOEL HOFER,STL,#002F87
5,6,2023-11-22,2.273189933920362,JOEL HOFER,STL,#002F87
6,7,2023-11-24,-0.21162768745555294,JOEL HOFER,STL,#002F87
7,8,2023-12-02,-0.3094322983817399,JOEL HOFER,STL,#002F87
8,9,2023-12-08,-2.6708863812300336,JOEL HOFER,STL,#002F87
9,10,2023-12-19,-2.8720183988838373,JOEL HOFER,STL,#002F87
10,11,2023-12-21,0.5543277711820296,JOEL HOFER,STL,#002F87
0,1,2023-10-17,0.22009062959198067,KEVIN LANKINEN,NSH,#FFB81C
1,2,2023-10-31,-0.9838195764225119,KEVIN LANKINEN,NSH,#FFB81C
2,3,2023-11-04,0.29830066938411326,KEVIN LANKINEN,NSH,#FFB81C
3,4,2023-11-18,0.8449875420816748,KEVIN LANKINEN,NSH,#FFB81C
4,5,2023-11-24,1.2224983183212759,KEVIN LANKINEN,NSH,#FFB81C
5,6,2023-11-30,1.427242082687353,KEVIN LANKINEN,NSH,#FFB81C
6,7,2023-12-02,0.24369923931619208,KEVIN LANKINEN,NSH,#FFB81C
7,8,2023-12-09,1.5839657237587428,KEVIN LANKINEN,NSH,#FFB81C
8,9,2023-12-15,-0.8108669311075483,KEVIN LANKINEN,NSH,#FFB81C
9,10,2023-12-19,0.03579856030991635,KEVIN LANKINEN,NSH,#FFB81C
0,1,2023-10-24,0.08741214750248272,CAYDEN PRIMEAU,MTL,#AF1E2D
1,2,2023-11-09,0.8863159825079618,CAYDEN PRIMEAU,MTL,#AF1E2D
2,3,2023-11-16,0.9352793902609191,CAYDEN PRIMEAU,MTL,#AF1E2D
3,4,2023-11-24,2.4579810534200695,CAYDEN PRIMEAU,MTL,#AF1E2D
4,5,2023-11-30,-0.2719143317161836,CAYDEN PRIMEAU,MTL,#AF1E2D
5,6,2023-12-09,2.0338281423464166,CAYDEN PRIMEAU,MTL,#AF1E2D
6,7,2023-12-22,2.204880592185257,CAYDEN PRIMEAU,MTL,#AF1E2D
0,1,2023-10-26,0.5278935701335238,IVAN PROSVETOV,COL,#236192
1,2,2023-11-01,2.1313675440861677,IVAN PROSVETOV,COL,#236192
2,3,2023-11-09,0.9890650143124717,IVAN PROSVETOV,COL,#236192
3,4,2023-11-11,1.2796822887398376,IVAN PROSVETOV,COL,#236192
4,5,2023-11-25,2.6484370978012994,IVAN PROSVETOV,COL,#236192
5,6,2023-12-02,3.836031390575631,IVAN PROSVETOV,COL,#236192
6,7,2023-12-09,4.259183463220619,IVAN PROSVETOV,COL,#236192
7,8,2023-12-11,5.2417269783055165,IVAN PROSVETOV,COL,#236192
8,9,2023-12-13,7.0069495312711805,IVAN PROSVETOV,COL,#236192
9,10,2023-12-16,4.506902629170401,IVAN PROSVETOV,COL,#236192
0,1,2023-10-19,-1.6302639810076358,LAURENT BROSSOIT,WPG,#004C97
1,2,2023-10-28,-2.160738209858255,LAURENT BROSSOIT,WPG,#004C97
2,3,2023-11-09,-2.494280266330464,LAURENT BROSSOIT,WPG,#004C97
3,4,2023-11-18,-3.1804640279682603,LAURENT BROSSOIT,WPG,#004C97
4,5,2023-11-26,-3.619609645165427,LAURENT BROSSOIT,WPG,#004C97
5,6,2023-12-04,0.005011922204642527,LAURENT BROSSOIT,WPG,#004C97
6,7,2023-12-12,2.1223393720543364,LAURENT BROSSOIT,WPG,#004C97
7,8,2023-12-20,3.4486347571121496,LAURENT BROSSOIT,WPG,#004C97
0,1,2023-10-24,1.8187723241100122,ANTHONY STOLARZ,FLA,#B9975B
1,2,2023-11-04,-0.1985371160207352,ANTHONY STOLARZ,FLA,#B9975B
2,3,2023-11-14,-0.2997144991948102,ANTHONY STOLARZ,FLA,#B9975B
3,4,2023-11-17,1.7458729922626732,ANTHONY STOLARZ,FLA,#B9975B
4,5,2023-11-28,4.411632490127418,ANTHONY STOLARZ,FLA,#B9975B
5,6,2023-12-02,2.8398833052100128,ANTHONY STOLARZ,FLA,#B9975B
6,7,2023-12-10,3.365760186577621,ANTHONY STOLARZ,FLA,#B9975B
7,8,2023-12-14,3.546605134898196,ANTHONY STOLARZ,FLA,#B9975B
8,9,2023-12-18,3.729638228388169,ANTHONY STOLARZ,FLA,#B9975B
0,1,2023-11-17,0.10241295459019462,ALEX LYON,DET,#CE1126
1,2,2023-11-22,1.5833799423525343,ALEX LYON,DET,#CE1126
2,3,2023-11-26,3.047813975505,ALEX LYON,DET,#CE1126
3,4,2023-11-30,5.0905266678962775,ALEX LYON,DET,#CE1126
4,5,2023-12-05,4.40632302384355,ALEX LYON,DET,#CE1126
5,6,2023-12-09,3.1014806454663875,ALEX LYON,DET,#CE1126
6,7,2023-12-16,3.0250497194004633,ALEX LYON,DET,#CE1126
0,1,2023-10-14,-2.825670302081949,PHEONIX COPLEY,L.A,#572A84
1,2,2023-10-24,-2.4670883042252445,PHEONIX COPLEY,L.A,#572A84
2,3,2023-10-27,-5.113083079293557,PHEONIX COPLEY,L.A,#572A84
3,4,2023-11-09,-6.538521738229564,PHEONIX COPLEY,L.A,#572A84
4,5,2023-11-20,-3.2446010067614157,PHEONIX COPLEY,L.A,#572A84
5,6,2023-11-25,-1.393915924116782,PHEONIX COPLEY,L.A,#572A84
6,7,2023-12-05,-1.871884061259677,PHEONIX COPLEY,L.A,#572A84
7,8,2023-12-10,-2.887745173115598,PHEONIX COPLEY,L.A,#572A84
0,1,2023-10-21,1.4749548269735864,ERIC COMRIE,BUF,#003087
1,2,2023-10-23,2.6123767152412403,ERIC COMRIE,BUF,#003087
2,3,2023-10-27,2.5169902630012095,ERIC COMRIE,BUF,#003087
3,4,2023-11-17,1.8589441952078283,ERIC COMRIE,BUF,#003087
4,5,2023-11-25,-0.38320612781384567,ERIC COMRIE,BUF,#003087
5,6,2023-12-02,-2.4293058544759325,ERIC COMRIE,BUF,#003087
6,7,2023-12-05,-2.8851008873201605,ERIC COMRIE,BUF,#003087
0,1,2023-12-07,0.20935043920143248,MARTIN JONES,TOR,#00205B
1,2,2023-12-12,1.445101677838972,MARTIN JONES,TOR,#00205B
2,3,2023-12-16,5.004870288015304,MARTIN JONES,TOR,#00205B
3,4,2023-12-19,3.2908888087286807,MARTIN JONES,TOR,#00205B
4,5,2023-12-21,1.0249967830376616,MARTIN JONES,TOR,#00205B
5,6,2023-12-23,5.444532087264628,MARTIN JONES,TOR,#00205B
0,1,2023-10-11,0.3011584520257946,FREDERIK ANDERSEN,CAR,#CE1126
1,2,2023-10-14,-0.8832191057005376,FREDERIK ANDERSEN,CAR,#CE1126
2,3,2023-10-17,-1.7410469209556902,FREDERIK ANDERSEN,CAR,#CE1126
3,4,2023-10-26,-1.5435510849256446,FREDERIK ANDERSEN,CAR,#CE1126
4,5,2023-10-30,0.7558281362854884,FREDERIK ANDERSEN,CAR,#CE1126
5,6,2023-11-02,0.9273030916664142,FREDERIK ANDERSEN,CAR,#CE1126
0,1,2023-10-11,-1.2017597326042204,JACK CAMPBELL,EDM,#FF4C00
1,2,2023-10-17,1.267844207249944,JACK CAMPBELL,EDM,#FF4C00
2,3,2023-10-19,0.39701735504684477,JACK CAMPBELL,EDM,#FF4C00
3,4,2023-10-24,-1.6112321516214316,JACK CAMPBELL,EDM,#FF4C00
4,5,2023-11-04,-3.487599140956281,JACK CAMPBELL,EDM,#FF4C00
0,1,2023-11-11,-1.2145731199223042,DUSTIN WOLF,CGY, #D2001C
1,2,2023-12-05,-1.0773711965225359,DUSTIN WOLF,CGY, #D2001C
2,3,2023-12-07,-1.4812871397030902,DUSTIN WOLF,CGY, #D2001C
3,4,2023-12-09,-1.7656028127256331,DUSTIN WOLF,CGY, #D2001C
4,5,2023-12-12,-4.068889913759839,DUSTIN WOLF,CGY, #D2001C
0,1,2023-11-20,-0.7548621694900932,CALVIN PICKARD,EDM,#FF4C00
1,2,2023-11-22,-0.3170194858343389,CALVIN PICKARD,EDM,#FF4C00
2,3,2023-12-10,1.8420927546674546,CALVIN PICKARD,EDM,#FF4C00
3,4,2023-12-16,-0.5279729941106004,CALVIN PICKARD,EDM,#FF4C00
4,5,2023-12-21,-1.2728876238504496,CALVIN PICKARD,EDM,#FF4C00
0,1,2023-12-10,-1.6803537623976474,JIRI PATERA,VGK,#B4975A
1,2,2023-12-19,-0.9455835595199287,JIRI PATERA,VGK,#B4975A
2,3,2023-12-21,-1.9055559754837863,JIRI PATERA,VGK,#B4975A
3,4,2023-12-23,-2.366371454258599,JIRI PATERA,VGK,#B4975A
0,1,2023-10-15,-1.2584059582259965,MATT TOMKINS,T.B,#002868
1,2,2023-11-02,-1.3008246851944603,MATT TOMKINS,T.B,#002868
2,3,2023-11-07,-1.1110151338734053,MATT TOMKINS,T.B,#002868
0,1,2023-12-16,-2.0438132671986864,DANIIL TARASOV,CBJ,#002654
1,2,2023-12-19,-2.8948115541813952,DANIIL TARASOV,CBJ,#002654
2,3,2023-12-23,-4.007406979426531,DANIIL TARASOV,CBJ,#002654
0,1,2023-12-08,3.254744034946051,JET GREAVES,CBJ,#002654
1,2,2023-12-10,4.614285965000394,JET GREAVES,CBJ,#002654
0,1,2023-10-25,-1.4935270562324474,HUNTER SHEPARD,WSH,#C8102E
1,2,2023-11-11,1.1562477439675818,HUNTER SHEPARD,WSH,#C8102E
0,1,2023-11-04,-2.8076953488180885,CALVIN PETERSEN,PHI,#F74902
1,2,2023-11-11,-1.2451967762740725,CALVIN PETERSEN,PHI,#F74902
0,1,2023-10-28,0.021514682521481365,MAGNUS HELLBERG,PIT,#FCB514
1,2,2023-11-07,0.9051666460923087,MAGNUS HELLBERG,PIT,#FCB514
2,3,2023-11-09,1.848968326066429,MAGNUS HELLBERG,PIT,#FCB514
0,1,2023-12-23,0.1501250635628293,MICHAEL HUTCHINSON,DET,#CE1126
0,1,2023-11-09,1.6435117321951633,LOUIS DOMINGUE,NYR,#0038A8
0,1,2023-12-19,1.517012697654323,DAVID RITTICH,L.A,#572A84
0,1,2023-11-04,-1.3060243377725227,MAGNUS CHRONA,S.J,#006D75
